#
# There is insufficient memory for the Java Runtime Environment to continue.
# Native memory allocation (mmap) failed to map 824180736 bytes. Error detail: committing reserved memory.
# Possible reasons:
#   The system is out of physical RAM or swap space
#   This process is running with CompressedOops enabled, and the Java Heap may be blocking the growth of the native heap
# Possible solutions:
#   Reduce memory load on the system
#   Increase physical memory or swap space
#   Check if swap backing store is full
#   Decrease Java heap size (-Xmx/-Xms)
#   Decrease number of Java threads
#   Decrease Java thread stack sizes (-Xss)
#   Set larger code cache with -XX:ReservedCodeCacheSize=
#   JVM is running with Zero Based Compressed Oops mode in which the Java heap is
#     placed in the first 32GB address space. The Java Heap base address is the
#     maximum limit for the native heap growth. Please use -XX:HeapBaseMinAddress
#     to set the Java Heap base and to place the Java Heap above 32GB virtual address.
# This output file may be truncated or incomplete.
#
#  Out of Memory Error (os_linux.cpp:2834), pid=19606, tid=19616
#
# JRE version: OpenJDK Runtime Environment (17.0.20+8) (build 17.0.20+8-1-deb12u1-Debian)
# Java VM: OpenJDK 64-Bit Server VM (17.0.20+8-1-deb12u1-Debian, mixed mode, sharing, tiered, compressed oops, compressed class ptrs, g1 gc, linux-amd64)
# No core dump will be written. Core dumps have been disabled. To enable core dumping, try "ulimit -c unlimited" before starting Java again
#

---------------  S U M M A R Y ------------

Command Line: --add-opens=java.base/java.util=ALL-UNNAMED --add-opens=java.base/java.lang=ALL-UNNAMED --add-opens=java.base/java.lang.invoke=ALL-UNNAMED --add-opens=java.prefs/java.util.prefs=ALL-UNNAMED --add-opens=java.base/java.nio.charset=ALL-UNNAMED --add-opens=java.base/java.net=ALL-UNNAMED --add-opens=java.base/java.util.concurrent.atomic=ALL-UNNAMED -Xmx4096m -Dfile.encoding=UTF-8 -Duser.country -Duser.language=en -Duser.variant org.gradle.launcher.daemon.bootstrap.GradleDaemon 8.0

Host: Intel(R) Xeon(R) Processor @ 2.50GHz, 2 cores, 2G, Debian GNU/Linux 12 (bookworm)
Time: Fri Sep 18 16:42:02 2026 UTC elapsed time: 50.920032 seconds (0d 0h 0m 50s)

---------------  T H R E A D  ---------------

Current thread (0x00007f564c0a1370):  VMThread "VM Thread" [stack: 0x00007f562cd5f000,0x00007f562ce5f000] [id=19616]

Stack: [0x00007f562cd5f000,0x00007f562ce5f000],  sp=0x00007f562ce5cd70,  free space=1015k
Native frames: (J=compiled Java code, j=interpreted, Vv=VM code, C=native code)
V  [libjvm.so+0xf21211]  VMError::report_and_die(int, char const*, char const*, __va_list_tag*, Thread*, unsigned char*, void*, void*, char const*, int, unsigned long)+0x171
V  [libjvm.so+0xf21d7d]  VMError::report_and_die(Thread*, char const*, int, unsigned long, VMErrorType, char const*, __va_list_tag*)+0x2d
V  [libjvm.so+0x60378c]  report_vm_out_of_memory(char const*, int, unsigned long, VMErrorType, char const*, ...)+0xdc
V  [libjvm.so+0xc2a14b]  os::pd_commit_memory_or_exit(char*, unsigned long, unsigned long, bool, char const*)+0xeb
V  [libjvm.so+0xc23ffb]  os::commit_memory_or_exit(char*, unsigned long, unsigned long, bool, char const*)+0x1b
V  [libjvm.so+0x733436]  G1PageBasedVirtualSpace::commit(unsigned long, unsigned long)+0x66
V  [libjvm.so+0x7473e0]  G1RegionsLargerThanCommitSizeMapper::commit_regions(unsigned int, unsigned long, WorkGang*)+0x110
V  [libjvm.so+0x7dadc8]  HeapRegionManager::commit_regions(unsigned int, unsigned long, WorkGang*)+0x88
V  [libjvm.so+0x7dcc0b]  HeapRegionManager::expand(unsigned int, unsigned int, WorkGang*)+0x2b
V  [libjvm.so+0x7dce27]  HeapRegionManager::expand_by(unsigned int, WorkGang*)+0x77
V  [libjvm.so+0x6ebed8]  G1CollectedHeap::expand(unsigned long, WorkGang*, double*)+0xe8
V  [libjvm.so+0x6efb29]  G1CollectedHeap::do_collection_pause_at_safepoint_helper(double)+0x8a9
V  [libjvm.so+0x6efb8f]  G1CollectedHeap::do_collection_pause_at_safepoint(double)+0x2f
V  [libjvm.so+0x76b9d7]  VM_G1CollectForAllocation::doit()+0x47
V  [libjvm.so+0xf26715]  VM_Operation::evaluate()+0xe5
V  [libjvm.so+0xf28005]  VMThread::evaluate_operation(VM_Operation*)+0x105
V  [libjvm.so+0xf2857f]  VMThread::inner_execute(VM_Operation*)+0x28f
V  [libjvm.so+0xf2878f]  VMThread::run()+0xbf
V  [libjvm.so+0xea40a5]  Thread::call_run()+0xa5
V  [libjvm.so+0xc2c8f3]  thread_native_entry(Thread*)+0xe3

VM_Operation (0x00007f55cd0de450): G1CollectForAllocation, mode: safepoint, requested by thread 0x00007f5624129d70


---------------  P R O C E S S  ---------------

Threads class SMR info:
_java_thread_list=0x00007f55c40f2030, length=68, elements={
0x00007f564c018dd0, 0x00007f564c0a5470, 0x00007f564c0a6850, 0x00007f564c0ad530,
0x00007f564c0ae8e0, 0x00007f564c0afcf0, 0x00007f564c0b16a0, 0x00007f564c0b2bd0,
0x00007f564c0b4040, 0x00007f564c120ed0, 0x00007f564c123630, 0x00007f564cfe85c0,
0x00007f564d0641b0, 0x00007f564d08e6d0, 0x00007f55b8016d40, 0x00007f55c00044c0,
0x00007f55c00070c0, 0x00007f55c000c090, 0x00007f561800a0f0, 0x00007f561800b880,
0x00007f5618016750, 0x00007f5618192610, 0x00007f561819b490, 0x00007f5618380cb0,
0x00007f5618656560, 0x00007f5618664a70, 0x00007f5618679860, 0x00007f56186c1f10,
0x00007f56186d0c90, 0x00007f5618765e50, 0x00007f56186ed130, 0x00007f56189ee190,
0x00007f5618aa0480, 0x00007f5618cf4c20, 0x00007f5618e9b720, 0x00007f5618e9d150,
0x00007f5618e9dfc0, 0x00007f5618e9f0f0, 0x00007f5618ea0220, 0x00007f5618ea1210,
0x00007f5618ea2740, 0x00007f5618ea3c80, 0x00007f5618ea51c0, 0x00007f5618ea61b0,
0x00007f5618ea7310, 0x00007f5618ea86f0, 0x00007f5618ea9c50, 0x00007f5618eab030,
0x00007f5618eac410, 0x00007f5618ead400, 0x00007f5618eaec60, 0x00007f5618eb0470,
0x00007f5618eb1610, 0x00007f5618eb25d0, 0x00007f56195c5f60, 0x00007f56197b85a0,
0x00007f561982aed0, 0x00007f561a0f7c30, 0x00007f55b4b11580, 0x00007f55b4d1a1b0,
0x00007f55b01af5c0, 0x00007f55c4135400, 0x00007f55c41374c0, 0x00007f55c4139740,
0x00007f55c413aca0, 0x00007f55b80669f0, 0x00007f5624129d70, 0x00007f56200090e0
}

Java Threads: ( => current thread )
  0x00007f564c018dd0 JavaThread "main" [_thread_blocked, id=19607, stack(0x00007f5651f23000,0x00007f5652023000)]
  0x00007f564c0a5470 JavaThread "Reference Handler" daemon [_thread_blocked, id=19617, stack(0x00007f562cc5e000,0x00007f562cd5e000)]
  0x00007f564c0a6850 JavaThread "Finalizer" daemon [_thread_blocked, id=19618, stack(0x00007f562cb5d000,0x00007f562cc5d000)]
  0x00007f564c0ad530 JavaThread "Signal Dispatcher" daemon [_thread_blocked, id=19619, stack(0x00007f562ca05000,0x00007f562cb05000)]
  0x00007f564c0ae8e0 JavaThread "Service Thread" daemon [_thread_blocked, id=19620, stack(0x00007f562c904000,0x00007f562ca04000)]
  0x00007f564c0afcf0 JavaThread "Monitor Deflation Thread" daemon [_thread_blocked, id=19621, stack(0x00007f562c803000,0x00007f562c903000)]
  0x00007f564c0b16a0 JavaThread "C2 CompilerThread0" daemon [_thread_blocked, id=19622, stack(0x00007f562c702000,0x00007f562c802000)]
  0x00007f564c0b2bd0 JavaThread "C1 CompilerThread0" daemon [_thread_blocked, id=19623, stack(0x00007f562c601000,0x00007f562c701000)]
  0x00007f564c0b4040 JavaThread "Sweeper thread" daemon [_thread_blocked, id=19624, stack(0x00007f562c500000,0x00007f562c600000)]
  0x00007f564c120ed0 JavaThread "Common-Cleaner" daemon [_thread_blocked, id=19625, stack(0x00007f562c3ff000,0x00007f562c4ff000)]
  0x00007f564c123630 JavaThread "Notification Thread" daemon [_thread_blocked, id=19626, stack(0x00007f562c2fe000,0x00007f562c3fe000)]
  0x00007f564cfe85c0 JavaThread "Daemon health stats" [_thread_blocked, id=19633, stack(0x00007f561db00000,0x00007f561dc00000)]
  0x00007f564d0641b0 JavaThread "Incoming local TCP Connector on port 41723" [_thread_in_native, id=19635, stack(0x00007f561d700000,0x00007f561d800000)]
  0x00007f564d08e6d0 JavaThread "Daemon periodic checks" [_thread_blocked, id=19636, stack(0x00007f561d5ff000,0x00007f561d6ff000)]
  0x00007f55b8016d40 JavaThread "Daemon" [_thread_blocked, id=19637, stack(0x00007f561d4fe000,0x00007f561d5fe000)]
  0x00007f55c00044c0 JavaThread "Handler for socket connection from /127.0.0.1:41723 to /127.0.0.1:33934" [_thread_in_native, id=19638, stack(0x00007f561d3fd000,0x00007f561d4fd000)]
  0x00007f55c00070c0 JavaThread "Cancel handler" [_thread_blocked, id=19639, stack(0x00007f561d2fc000,0x00007f561d3fc000)]
  0x00007f55c000c090 JavaThread "Daemon worker" [_thread_blocked, id=19640, stack(0x00007f561d1fb000,0x00007f561d2fb000)]
  0x00007f561800a0f0 JavaThread "Asynchronous log dispatcher for DefaultDaemonConnection: socket connection from /127.0.0.1:41723 to /127.0.0.1:33934" [_thread_blocked, id=19642, stack(0x00007f561d0fa000,0x00007f561d1fa000)]
  0x00007f561800b880 JavaThread "Stdin handler" [_thread_blocked, id=19644, stack(0x00007f561cff9000,0x00007f561d0f9000)]
  0x00007f5618016750 JavaThread "Daemon client event forwarder" [_thread_blocked, id=19645, stack(0x00007f561cef8000,0x00007f561cff8000)]
  0x00007f5618192610 JavaThread "Cache worker for journal cache (/root/.gradle/caches/journal-1)" [_thread_blocked, id=19647, stack(0x00007f561cdf7000,0x00007f561cef7000)]
  0x00007f561819b490 JavaThread "File lock request listener" [_thread_in_native, id=19648, stack(0x00007f561ccf6000,0x00007f561cdf6000)]
  0x00007f5618380cb0 JavaThread "Cache worker for file hash cache (/root/.gradle/caches/8.0/fileHashes)" [_thread_blocked, id=19650, stack(0x00007f561cbf5000,0x00007f561ccf5000)]
  0x00007f5618656560 JavaThread "Cache worker for checksums cache (/workspace/nyx-app/android/.gradle/8.0/checksums)" [_thread_blocked, id=19652, stack(0x00007f561caf4000,0x00007f561cbf4000)]
  0x00007f5618664a70 JavaThread "Cache worker for cache directory md-rule (/root/.gradle/caches/8.0/md-rule)" [_thread_blocked, id=19653, stack(0x00007f561c9f3000,0x00007f561caf3000)]
  0x00007f5618679860 JavaThread "Cache worker for file content cache (/root/.gradle/caches/8.0/fileContent)" [_thread_blocked, id=19654, stack(0x00007f561c8f2000,0x00007f561c9f2000)]
  0x00007f56186c1f10 JavaThread "Cache worker for file hash cache (/workspace/nyx-app/android/.gradle/8.0/fileHashes)" [_thread_blocked, id=19656, stack(0x00007f561c7f1000,0x00007f561c8f1000)]
  0x00007f56186d0c90 JavaThread "Cache worker for cache directory md-supplier (/root/.gradle/caches/8.0/md-supplier)" [_thread_blocked, id=19657, stack(0x00007f561c6f0000,0x00007f561c7f0000)]
  0x00007f5618765e50 JavaThread "Cache worker for execution history cache (/root/.gradle/caches/8.0/executionHistory)" [_thread_blocked, id=19658, stack(0x00007f561c5ef000,0x00007f561c6ef000)]
  0x00007f56186ed130 JavaThread "jar transforms" [_thread_blocked, id=19662, stack(0x00007f561c4ee000,0x00007f561c5ee000)]
  0x00007f56189ee190 JavaThread "jar transforms Thread 2" [_thread_blocked, id=19664, stack(0x00007f561c3ed000,0x00007f561c4ed000)]
  0x00007f5618aa0480 JavaThread "Cache worker for dependencies-accessors (/workspace/nyx-app/android/.gradle/8.0/dependencies-accessors)" [_thread_blocked, id=19666, stack(0x00007f561c2ec000,0x00007f561c3ec000)]
  0x00007f5618cf4c20 JavaThread "Cache worker for Build Output Cleanup Cache (/workspace/nyx-app/android/.gradle/buildOutputCleanup)" [_thread_blocked, id=19669, stack(0x00007f561c1eb000,0x00007f561c2eb000)]
  0x00007f5618e9b720 JavaThread "Unconstrained build operations" [_thread_blocked, id=19671, stack(0x00007f561c0ea000,0x00007f561c1ea000)]
  0x00007f5618e9d150 JavaThread "Unconstrained build operations Thread 2" [_thread_blocked, id=19672, stack(0x00007f55cef00000,0x00007f55cf000000)]
  0x00007f5618e9dfc0 JavaThread "Unconstrained build operations Thread 3" [_thread_blocked, id=19673, stack(0x00007f55cedff000,0x00007f55ceeff000)]
  0x00007f5618e9f0f0 JavaThread "Unconstrained build operations Thread 4" [_thread_blocked, id=19674, stack(0x00007f55cecfe000,0x00007f55cedfe000)]
  0x00007f5618ea0220 JavaThread "Unconstrained build operations Thread 5" [_thread_blocked, id=19675, stack(0x00007f55cebfd000,0x00007f55cecfd000)]
  0x00007f5618ea1210 JavaThread "Unconstrained build operations Thread 6" [_thread_blocked, id=19676, stack(0x00007f55ceafc000,0x00007f55cebfc000)]
  0x00007f5618ea2740 JavaThread "Unconstrained build operations Thread 7" [_thread_blocked, id=19677, stack(0x00007f55ce9fb000,0x00007f55ceafb000)]
  0x00007f5618ea3c80 JavaThread "Unconstrained build operations Thread 8" [_thread_blocked, id=19678, stack(0x00007f55ce8fa000,0x00007f55ce9fa000)]
  0x00007f5618ea51c0 JavaThread "Unconstrained build operations Thread 9" [_thread_blocked, id=19679, stack(0x00007f55ce7f9000,0x00007f55ce8f9000)]
  0x00007f5618ea61b0 JavaThread "Unconstrained build operations Thread 10" [_thread_blocked, id=19680, stack(0x00007f55ce6f8000,0x00007f55ce7f8000)]
  0x00007f5618ea7310 JavaThread "Unconstrained build operations Thread 11" [_thread_blocked, id=19681, stack(0x00007f55ce5f7000,0x00007f55ce6f7000)]
  0x00007f5618ea86f0 JavaThread "Unconstrained build operations Thread 12" [_thread_blocked, id=19682, stack(0x00007f55ce4f6000,0x00007f55ce5f6000)]
  0x00007f5618ea9c50 JavaThread "Unconstrained build operations Thread 13" [_thread_blocked, id=19683, stack(0x00007f55ce3f5000,0x00007f55ce4f5000)]
  0x00007f5618eab030 JavaThread "Unconstrained build operations Thread 14" [_thread_blocked, id=19684, stack(0x00007f55ce2f4000,0x00007f55ce3f4000)]
  0x00007f5618eac410 JavaThread "Unconstrained build operations Thread 15" [_thread_blocked, id=19685, stack(0x00007f55ce1f3000,0x00007f55ce2f3000)]
  0x00007f5618ead400 JavaThread "Unconstrained build operations Thread 16" [_thread_blocked, id=19686, stack(0x00007f55ce0f2000,0x00007f55ce1f2000)]
  0x00007f5618eaec60 JavaThread "Unconstrained build operations Thread 17" [_thread_blocked, id=19687, stack(0x00007f55cdff1000,0x00007f55ce0f1000)]
  0x00007f5618eb0470 JavaThread "Unconstrained build operations Thread 18" [_thread_blocked, id=19688, stack(0x00007f55cdef0000,0x00007f55cdff0000)]
  0x00007f5618eb1610 JavaThread "Unconstrained build operations Thread 19" [_thread_blocked, id=19690, stack(0x00007f55cddef000,0x00007f55cdeef000)]
  0x00007f5618eb25d0 JavaThread "Unconstrained build operations Thread 20" [_thread_blocked, id=19691, stack(0x00007f55cdcee000,0x00007f55cddee000)]
  0x00007f56195c5f60 JavaThread "Memory manager" [_thread_blocked, id=19696, stack(0x00007f55cdbed000,0x00007f55cdced000)]
  0x00007f56197b85a0 JavaThread "build event listener" [_thread_blocked, id=19700, stack(0x00007f55cdaec000,0x00007f55cdbec000)]
  0x00007f561982aed0 JavaThread "build event listener" [_thread_blocked, id=19702, stack(0x00007f55cd9eb000,0x00007f55cdaeb000)]
  0x00007f561a0f7c30 JavaThread "included builds" [_thread_blocked, id=19715, stack(0x00007f55cd8ea000,0x00007f55cd9ea000)]
  0x00007f55b4b11580 JavaThread "Execution worker" [_thread_blocked, id=19716, stack(0x00007f55cd7e9000,0x00007f55cd8e9000)]
  0x00007f55b4d1a1b0 JavaThread "Cache worker for execution history cache (/workspace/nyx-app/android/.gradle/8.0/executionHistory)" [_thread_blocked, id=19717, stack(0x00007f55cd6e8000,0x00007f55cd7e8000)]
  0x00007f55b01af5c0 JavaThread "WorkerExecutor Queue" [_thread_blocked, id=19723, stack(0x00007f55cd5e7000,0x00007f55cd6e7000)]
  0x00007f55c4135400 JavaThread "pool-3-thread-1" [_thread_blocked, id=19751, stack(0x00007f55cd3e5000,0x00007f55cd4e5000)]
  0x00007f55c41374c0 JavaThread "process reaper (pid 19752)" daemon [_thread_in_native, id=19753, stack(0x00007f562c073000,0x00007f562c095000)]
  0x00007f55c4139740 JavaThread "stderr" [_thread_in_native, id=19754, stack(0x00007f55cd2e4000,0x00007f55cd3e4000)]
  0x00007f55c413aca0 JavaThread "stdout" [_thread_in_native, id=19755, stack(0x00007f55cd1e3000,0x00007f55cd2e3000)]
  0x00007f55b80669f0 JavaThread "WorkerExecutor Queue Thread 3" [_thread_blocked, id=19759, stack(0x00007f55cd0e2000,0x00007f55cd1e2000)]
  0x00007f5624129d70 JavaThread "ForkJoinPool-1-worker-1" daemon [_thread_blocked, id=19765, stack(0x00007f55ccfe1000,0x00007f55cd0e1000)]
  0x00007f56200090e0 JavaThread "ForkJoinPool-1-worker-2" daemon [_thread_blocked, id=19766, stack(0x00007f55ccee0000,0x00007f55ccfe0000)]

Other Threads:
=>0x00007f564c0a1370 VMThread "VM Thread" [stack: 0x00007f562cd5f000,0x00007f562ce5f000] [id=19616]
  0x00007f564c124f70 WatcherThread [stack: 0x00007f562c1fd000,0x00007f562c2fd000] [id=19627]
  0x00007f564c044d80 GCTaskThread "GC Thread#0" [stack: 0x00007f5650182000,0x00007f5650282000] [id=19609]
  0x00007f55c8004990 GCTaskThread "GC Thread#1" [stack: 0x00007f562c0b3000,0x00007f562c1b3000] [id=19628]
  0x00007f564c056360 ConcurrentGCThread "G1 Main Marker" [stack: 0x00007f5650081000,0x00007f5650181000] [id=19610]
  0x00007f564c0572d0 ConcurrentGCThread "G1 Conc#0" [stack: 0x00007f562d411000,0x00007f562d511000] [id=19612]
  0x00007f564c073500 ConcurrentGCThread "G1 Refine#0" [stack: 0x00007f562d10e000,0x00007f562d20e000] [id=19613]
  0x00007f5618000ea0 ConcurrentGCThread "G1 Refine#1" [stack: 0x00007f561df00000,0x00007f561e000000] [id=19630]
  0x00007f564c074400 ConcurrentGCThread "G1 Service" [stack: 0x00007f562d00d000,0x00007f562d10d000] [id=19614]

Threads with active compile tasks:
C2 CompilerThread0  50927 20185       4       com.android.tools.r8.graph.a1::a (48 bytes)

VM state: at safepoint (normal execution)

VM Mutex/Monitor currently owned by a thread:  ([mutex/lock_event])
[0x00007f564c015f50] Threads_lock - owner thread: 0x00007f564c0a1370
[0x00007f564c016700] Heap_lock - owner thread: 0x00007f5624129d70

Heap address: 0x0000000700000000, size: 4096 MB, Compressed Oops mode: Zero based, Oop shift amount: 3

CDS archive(s) mapped at: [0x00007f55cf000000-0x00007f55cfbca000-0x00007f55cfbca000), size 12361728, SharedBaseAddress: 0x00007f55cf000000, ArchiveRelocationMode: 1.
Compressed class space mapped at: 0x00007f55d0000000-0x00007f5610000000, reserved size: 1073741824
Narrow klass base: 0x00007f55cf000000, Narrow klass shift: 0, Narrow klass range: 0x100000000

GC Precious Log:
 CPUs: 2 total, 2 available
 Memory: 2048M
 Large Page Support: Disabled
 NUMA Support: Disabled
 Compressed Oops: Enabled (Zero based)
 Heap Region Size: 2M
 Heap Min Capacity: 8M
 Heap Initial Capacity: 32M
 Heap Max Capacity: 4G
 Pre-touch: Disabled
 Parallel Workers: 2
 Concurrent Workers: 1
 Concurrent Refinement Workers: 2
 Periodic GC: Disabled

Heap:
 garbage-first heap   total 919552K, used 265376K [0x0000000700000000, 0x0000000800000000)
  region size 2048K, 2 young (4096K), 2 survivors (4096K)
 Metaspace       used 113001K, committed 113792K, reserved 1179648K
  class space    used 15050K, committed 15424K, reserved 1048576K

Heap Regions: E=young(eden), S=young(survivor), O=old, HS=humongous(starts), HC=humongous(continues), CS=collection set, F=free, OA=open archive, CA=closed archive, TAMS=top-at-mark-start (previous, next)
|   0|0x0000000700000000, 0x0000000700200000, 0x0000000700200000|100%|HS|  |TAMS 0x0000000700200000, 0x0000000700000000| Complete 
|   1|0x0000000700200000, 0x0000000700400000, 0x0000000700400000|100%|HC|  |TAMS 0x0000000700400000, 0x0000000700200000| Complete 
|   2|0x0000000700400000, 0x0000000700600000, 0x0000000700600000|100%| O|  |TAMS 0x0000000700600000, 0x0000000700400000| Untracked 
|   3|0x0000000700600000, 0x0000000700800000, 0x0000000700800000|100%| O|  |TAMS 0x0000000700800000, 0x0000000700600000| Untracked 
|   4|0x0000000700800000, 0x0000000700a00000, 0x0000000700a00000|100%| O|  |TAMS 0x0000000700a00000, 0x0000000700800000| Untracked 
|   5|0x0000000700a00000, 0x0000000700c00000, 0x0000000700c00000|100%| O|  |TAMS 0x0000000700c00000, 0x0000000700a00000| Untracked 
|   6|0x0000000700c00000, 0x0000000700e00000, 0x0000000700e00000|100%| O|  |TAMS 0x0000000700e00000, 0x0000000700c00000| Untracked 
|   7|0x0000000700e00000, 0x0000000701000000, 0x0000000701000000|100%| O|  |TAMS 0x0000000701000000, 0x0000000700e00000| Untracked 
|   8|0x0000000701000000, 0x0000000701200000, 0x0000000701200000|100%| O|  |TAMS 0x0000000701200000, 0x0000000701000000| Untracked 
|   9|0x0000000701200000, 0x0000000701400000, 0x0000000701400000|100%|HS|  |TAMS 0x0000000701400000, 0x0000000701200000| Complete 
|  10|0x0000000701400000, 0x0000000701600000, 0x0000000701600000|100%| O|  |TAMS 0x0000000701600000, 0x0000000701400000| Untracked 
|  11|0x0000000701600000, 0x0000000701800000, 0x0000000701800000|100%| O|  |TAMS 0x0000000701800000, 0x0000000701600000| Untracked 
|  12|0x0000000701800000, 0x0000000701a00000, 0x0000000701a00000|100%| O|  |TAMS 0x0000000701a00000, 0x0000000701800000| Untracked 
|  13|0x0000000701a00000, 0x0000000701c00000, 0x0000000701c00000|100%| O|  |TAMS 0x0000000701c00000, 0x0000000701a00000| Untracked 
|  14|0x0000000701c00000, 0x0000000701e00000, 0x0000000701e00000|100%| O|  |TAMS 0x0000000701e00000, 0x0000000701c00000| Untracked 
|  15|0x0000000701e00000, 0x0000000702000000, 0x0000000702000000|100%| O|  |TAMS 0x0000000702000000, 0x0000000701e00000| Untracked 
|  16|0x0000000702000000, 0x0000000702200000, 0x0000000702200000|100%| O|  |TAMS 0x0000000702200000, 0x0000000702000000| Untracked 
|  17|0x0000000702200000, 0x0000000702400000, 0x0000000702400000|100%|HS|  |TAMS 0x0000000702400000, 0x0000000702200000| Complete 
|  18|0x0000000702400000, 0x0000000702600000, 0x0000000702600000|100%|HC|  |TAMS 0x0000000702600000, 0x0000000702400000| Complete 
|  19|0x0000000702600000, 0x0000000702800000, 0x0000000702800000|100%| O|  |TAMS 0x0000000702800000, 0x0000000702600000| Untracked 
|  20|0x0000000702800000, 0x0000000702a00000, 0x0000000702a00000|100%| O|  |TAMS 0x0000000702a00000, 0x0000000702800000| Untracked 
|  21|0x0000000702a00000, 0x0000000702c00000, 0x0000000702c00000|100%| O|  |TAMS 0x0000000702c00000, 0x0000000702a00000| Untracked 
|  22|0x0000000702c00000, 0x0000000702e00000, 0x0000000702e00000|100%| O|  |TAMS 0x0000000702e00000, 0x0000000702c00000| Untracked 
|  23|0x0000000702e00000, 0x0000000703000000, 0x0000000703000000|100%| O|  |TAMS 0x0000000703000000, 0x0000000702e00000| Untracked 
|  24|0x0000000703000000, 0x0000000703200000, 0x0000000703200000|100%| O|  |TAMS 0x0000000703200000, 0x0000000703000000| Untracked 
|  25|0x0000000703200000, 0x0000000703400000, 0x0000000703400000|100%| O|  |TAMS 0x0000000703400000, 0x0000000703200000| Untracked 
|  26|0x0000000703400000, 0x0000000703600000, 0x0000000703600000|100%| O|  |TAMS 0x0000000703600000, 0x0000000703400000| Untracked 
|  27|0x0000000703600000, 0x0000000703800000, 0x0000000703800000|100%| O|  |TAMS 0x0000000703800000, 0x0000000703600000| Untracked 
|  28|0x0000000703800000, 0x0000000703a00000, 0x0000000703a00000|100%| O|  |TAMS 0x0000000703a00000, 0x0000000703800000| Untracked 
|  29|0x0000000703a00000, 0x0000000703c00000, 0x0000000703c00000|100%| O|  |TAMS 0x0000000703c00000, 0x0000000703a00000| Untracked 
|  30|0x0000000703c00000, 0x0000000703e00000, 0x0000000703e00000|100%| O|  |TAMS 0x0000000703e00000, 0x0000000703c00000| Untracked 
|  31|0x0000000703e00000, 0x0000000704000000, 0x0000000704000000|100%| O|  |TAMS 0x0000000704000000, 0x0000000703e00000| Untracked 
|  32|0x0000000704000000, 0x0000000704200000, 0x0000000704200000|100%| O|  |TAMS 0x0000000704200000, 0x0000000704000000| Untracked 
|  33|0x0000000704200000, 0x0000000704400000, 0x0000000704400000|100%| O|  |TAMS 0x0000000704400000, 0x0000000704200000| Untracked 
|  34|0x0000000704400000, 0x0000000704600000, 0x0000000704600000|100%| O|  |TAMS 0x0000000704600000, 0x0000000704400000| Untracked 
|  35|0x0000000704600000, 0x0000000704800000, 0x0000000704800000|100%| O|  |TAMS 0x0000000704800000, 0x0000000704600000| Untracked 
|  36|0x0000000704800000, 0x0000000704a00000, 0x0000000704a00000|100%| O|  |TAMS 0x0000000704a00000, 0x0000000704800000| Untracked 
|  37|0x0000000704a00000, 0x0000000704c00000, 0x0000000704c00000|100%| O|  |TAMS 0x0000000704c00000, 0x0000000704a00000| Untracked 
|  38|0x0000000704c00000, 0x0000000704e00000, 0x0000000704e00000|100%| O|  |TAMS 0x0000000704e00000, 0x0000000704c00000| Untracked 
|  39|0x0000000704e00000, 0x0000000705000000, 0x0000000705000000|100%| O|  |TAMS 0x0000000705000000, 0x0000000704e00000| Untracked 
|  40|0x0000000705000000, 0x0000000705200000, 0x0000000705200000|100%| O|  |TAMS 0x0000000705200000, 0x0000000705000000| Untracked 
|  41|0x0000000705200000, 0x0000000705200000, 0x0000000705400000|  0%| F|  |TAMS 0x0000000705200000, 0x0000000705200000| Untracked 
|  42|0x0000000705400000, 0x0000000705600000, 0x0000000705600000|100%| O|  |TAMS 0x0000000705600000, 0x0000000705400000| Untracked 
|  43|0x0000000705600000, 0x0000000705800000, 0x0000000705800000|100%| O|  |TAMS 0x0000000705800000, 0x0000000705600000| Untracked 
|  44|0x0000000705800000, 0x0000000705a00000, 0x0000000705a00000|100%| O|  |TAMS 0x0000000705a00000, 0x0000000705800000| Untracked 
|  45|0x0000000705a00000, 0x0000000705c00000, 0x0000000705c00000|100%| O|  |TAMS 0x0000000705c00000, 0x0000000705a00000| Untracked 
|  46|0x0000000705c00000, 0x0000000705e00000, 0x0000000705e00000|100%| O|  |TAMS 0x0000000705e00000, 0x0000000705c00000| Untracked 
|  47|0x0000000705e00000, 0x0000000706000000, 0x0000000706000000|100%|HS|  |TAMS 0x0000000705e00000, 0x0000000705e00000| Complete 
|  48|0x0000000706000000, 0x0000000706200000, 0x0000000706200000|100%|HS|  |TAMS 0x0000000706200000, 0x0000000706000000| Complete 
|  49|0x0000000706200000, 0x0000000706400000, 0x0000000706400000|100%|HS|  |TAMS 0x0000000706400000, 0x0000000706200000| Complete 
|  50|0x0000000706400000, 0x0000000706600000, 0x0000000706600000|100%| O|  |TAMS 0x0000000706600000, 0x0000000706400000| Untracked 
|  51|0x0000000706600000, 0x0000000706800000, 0x0000000706800000|100%| O|  |TAMS 0x0000000706800000, 0x0000000706600000| Untracked 
|  52|0x0000000706800000, 0x0000000706a00000, 0x0000000706a00000|100%|HS|  |TAMS 0x0000000706800000, 0x0000000706800000| Complete 
|  53|0x0000000706a00000, 0x0000000706b9ae00, 0x0000000706c00000| 80%| O|  |TAMS 0x0000000706b9ae00, 0x0000000706a00000| Untracked 
|  54|0x0000000706c00000, 0x0000000706e00000, 0x0000000706e00000|100%|HS|  |TAMS 0x0000000706c00000, 0x0000000706c00000| Complete 
|  55|0x0000000706e00000, 0x0000000706e00000, 0x0000000707000000|  0%| F|  |TAMS 0x0000000706e00000, 0x0000000706e00000| Untracked 
|  56|0x0000000707000000, 0x0000000707000000, 0x0000000707200000|  0%| F|  |TAMS 0x0000000707000000, 0x0000000707000000| Untracked 
|  57|0x0000000707200000, 0x0000000707200000, 0x0000000707400000|  0%| F|  |TAMS 0x0000000707200000, 0x0000000707200000| Untracked 
|  58|0x0000000707400000, 0x0000000707600000, 0x0000000707600000|100%|HS|  |TAMS 0x0000000707600000, 0x0000000707400000| Complete 
|  59|0x0000000707600000, 0x0000000707600000, 0x0000000707800000|  0%| F|  |TAMS 0x0000000707600000, 0x0000000707600000| Untracked 
|  60|0x0000000707800000, 0x0000000707a00000, 0x0000000707a00000|100%| O|  |TAMS 0x0000000707a00000, 0x0000000707800000| Untracked 
|  61|0x0000000707a00000, 0x0000000707a00000, 0x0000000707c00000|  0%| F|  |TAMS 0x0000000707a00000, 0x0000000707a00000| Untracked 
|  62|0x0000000707c00000, 0x0000000707c00000, 0x0000000707e00000|  0%| F|  |TAMS 0x0000000707c00000, 0x0000000707c00000| Untracked 
|  63|0x0000000707e00000, 0x0000000708000000, 0x0000000708000000|100%|HS|  |TAMS 0x0000000708000000, 0x0000000707e00000| Complete 
|  64|0x0000000708000000, 0x0000000708200000, 0x0000000708200000|100%|HC|  |TAMS 0x0000000708200000, 0x0000000708000000| Complete 
|  65|0x0000000708200000, 0x0000000708400000, 0x0000000708400000|100%| O|  |TAMS 0x0000000708400000, 0x0000000708200000| Untracked 
|  66|0x0000000708400000, 0x0000000708600000, 0x0000000708600000|100%| O|  |TAMS 0x0000000708400000, 0x0000000708400000| Untracked 
|  67|0x0000000708600000, 0x0000000708800000, 0x0000000708800000|100%| O|  |TAMS 0x0000000708800000, 0x0000000708600000| Untracked 
|  68|0x0000000708800000, 0x0000000708a00000, 0x0000000708a00000|100%| O|  |TAMS 0x0000000708800000, 0x0000000708800000| Untracked 
|  69|0x0000000708a00000, 0x0000000708c00000, 0x0000000708c00000|100%| O|  |TAMS 0x0000000708c00000, 0x0000000708a00000| Untracked 
|  70|0x0000000708c00000, 0x0000000708e00000, 0x0000000708e00000|100%| O|  |TAMS 0x0000000708c00000, 0x0000000708c00000| Untracked 
|  71|0x0000000708e00000, 0x0000000709000000, 0x0000000709000000|100%| O|  |TAMS 0x0000000709000000, 0x0000000708e00000| Untracked 
|  72|0x0000000709000000, 0x0000000709200000, 0x0000000709200000|100%| O|  |TAMS 0x0000000709200000, 0x0000000709000000| Untracked 
|  73|0x0000000709200000, 0x0000000709400000, 0x0000000709400000|100%| O|  |TAMS 0x0000000709200000, 0x0000000709200000| Untracked 
|  74|0x0000000709400000, 0x0000000709600000, 0x0000000709600000|100%| O|  |TAMS 0x0000000709400000, 0x0000000709400000| Untracked 
|  75|0x0000000709600000, 0x0000000709800000, 0x0000000709800000|100%| O|  |TAMS 0x0000000709800000, 0x0000000709600000| Untracked 
|  76|0x0000000709800000, 0x0000000709a00000, 0x0000000709a00000|100%| O|  |TAMS 0x0000000709a00000, 0x0000000709800000| Untracked 
|  77|0x0000000709a00000, 0x0000000709c00000, 0x0000000709c00000|100%| O|  |TAMS 0x0000000709a00000, 0x0000000709a00000| Untracked 
|  78|0x0000000709c00000, 0x0000000709e00000, 0x0000000709e00000|100%| O|  |TAMS 0x0000000709c00000, 0x0000000709c00000| Untracked 
|  79|0x0000000709e00000, 0x000000070a000000, 0x000000070a000000|100%|HS|  |TAMS 0x0000000709e00000, 0x0000000709e00000| Complete 
|  80|0x000000070a000000, 0x000000070a200000, 0x000000070a200000|100%| O|  |TAMS 0x000000070a000000, 0x000000070a000000| Untracked 
|  81|0x000000070a200000, 0x000000070a400000, 0x000000070a400000|100%| O|  |TAMS 0x000000070a200000, 0x000000070a200000| Untracked 
|  82|0x000000070a400000, 0x000000070a600000, 0x000000070a600000|100%| O|  |TAMS 0x000000070a400000, 0x000000070a400000| Untracked 
|  83|0x000000070a600000, 0x000000070a800000, 0x000000070a800000|100%| O|  |TAMS 0x000000070a600000, 0x000000070a600000| Untracked 
|  84|0x000000070a800000, 0x000000070a9a0200, 0x000000070aa00000| 81%| O|  |TAMS 0x000000070a800000, 0x000000070a800000| Untracked 
|  85|0x000000070aa00000, 0x000000070aa00000, 0x000000070ac00000|  0%| F|  |TAMS 0x000000070aa00000, 0x000000070aa00000| Untracked 
|  86|0x000000070ac00000, 0x000000070ac00000, 0x000000070ae00000|  0%| F|  |TAMS 0x000000070ac00000, 0x000000070ac00000| Untracked 
|  87|0x000000070ae00000, 0x000000070ae00000, 0x000000070b000000|  0%| F|  |TAMS 0x000000070ae00000, 0x000000070ae00000| Untracked 
|  88|0x000000070b000000, 0x000000070b000000, 0x000000070b200000|  0%| F|  |TAMS 0x000000070b000000, 0x000000070b000000| Untracked 
|  89|0x000000070b200000, 0x000000070b200000, 0x000000070b400000|  0%| F|  |TAMS 0x000000070b200000, 0x000000070b200000| Untracked 
|  90|0x000000070b400000, 0x000000070b400000, 0x000000070b600000|  0%| F|  |TAMS 0x000000070b400000, 0x000000070b400000| Untracked 
|  91|0x000000070b600000, 0x000000070b600000, 0x000000070b800000|  0%| F|  |TAMS 0x000000070b600000, 0x000000070b600000| Untracked 
|  92|0x000000070b800000, 0x000000070b800000, 0x000000070ba00000|  0%| F|  |TAMS 0x000000070b800000, 0x000000070b800000| Untracked 
|  93|0x000000070ba00000, 0x000000070ba00000, 0x000000070bc00000|  0%| F|  |TAMS 0x000000070ba00000, 0x000000070ba00000| Untracked 
|  94|0x000000070bc00000, 0x000000070bc00000, 0x000000070be00000|  0%| F|  |TAMS 0x000000070bc00000, 0x000000070bc00000| Untracked 
|  95|0x000000070be00000, 0x000000070be00000, 0x000000070c000000|  0%| F|  |TAMS 0x000000070be00000, 0x000000070be00000| Untracked 
|  96|0x000000070c000000, 0x000000070c000000, 0x000000070c200000|  0%| F|  |TAMS 0x000000070c000000, 0x000000070c000000| Untracked 
|  97|0x000000070c200000, 0x000000070c200000, 0x000000070c400000|  0%| F|  |TAMS 0x000000070c200000, 0x000000070c200000| Untracked 
|  98|0x000000070c400000, 0x000000070c400000, 0x000000070c600000|  0%| F|  |TAMS 0x000000070c400000, 0x000000070c400000| Untracked 
|  99|0x000000070c600000, 0x000000070c600000, 0x000000070c800000|  0%| F|  |TAMS 0x000000070c600000, 0x000000070c600000| Untracked 
| 100|0x000000070c800000, 0x000000070ca00000, 0x000000070ca00000|100%| O|  |TAMS 0x000000070ca00000, 0x000000070c800000| Untracked 
| 101|0x000000070ca00000, 0x000000070cc00000, 0x000000070cc00000|100%| O|  |TAMS 0x000000070cc00000, 0x000000070ca00000| Untracked 
| 102|0x000000070cc00000, 0x000000070ce00000, 0x000000070ce00000|100%| O|  |TAMS 0x000000070ce00000, 0x000000070cc00000| Untracked 
| 103|0x000000070ce00000, 0x000000070d000000, 0x000000070d000000|100%| O|  |TAMS 0x000000070d000000, 0x000000070ce00000| Untracked 
| 104|0x000000070d000000, 0x000000070d200000, 0x000000070d200000|100%| O|  |TAMS 0x000000070d200000, 0x000000070d000000| Untracked 
| 105|0x000000070d200000, 0x000000070d400000, 0x000000070d400000|100%| O|  |TAMS 0x000000070d400000, 0x000000070d200000| Untracked 
| 106|0x000000070d400000, 0x000000070d600000, 0x000000070d600000|100%| O|  |TAMS 0x000000070d600000, 0x000000070d400000| Untracked 
| 107|0x000000070d600000, 0x000000070d800000, 0x000000070d800000|100%| O|  |TAMS 0x000000070d800000, 0x000000070d600000| Untracked 
| 108|0x000000070d800000, 0x000000070da00000, 0x000000070da00000|100%| O|  |TAMS 0x000000070da00000, 0x000000070d800000| Untracked 
| 109|0x000000070da00000, 0x000000070dc00000, 0x000000070dc00000|100%| O|  |TAMS 0x000000070dc00000, 0x000000070da00000| Untracked 
| 110|0x000000070dc00000, 0x000000070de00000, 0x000000070de00000|100%| O|  |TAMS 0x000000070de00000, 0x000000070dc00000| Untracked 
| 111|0x000000070de00000, 0x000000070e000000, 0x000000070e000000|100%| O|  |TAMS 0x000000070e000000, 0x000000070de00000| Untracked 
| 112|0x000000070e000000, 0x000000070e200000, 0x000000070e200000|100%| O|  |TAMS 0x000000070e200000, 0x000000070e000000| Untracked 
| 113|0x000000070e200000, 0x000000070e400000, 0x000000070e400000|100%| O|  |TAMS 0x000000070e400000, 0x000000070e200000| Untracked 
| 114|0x000000070e400000, 0x000000070e600000, 0x000000070e600000|100%| O|  |TAMS 0x000000070e600000, 0x000000070e400000| Untracked 
| 115|0x000000070e600000, 0x000000070e600000, 0x000000070e800000|  0%| F|  |TAMS 0x000000070e600000, 0x000000070e600000| Untracked 
| 116|0x000000070e800000, 0x000000070e800000, 0x000000070ea00000|  0%| F|  |TAMS 0x000000070e800000, 0x000000070e800000| Untracked 
| 117|0x000000070ea00000, 0x000000070ea00000, 0x000000070ec00000|  0%| F|  |TAMS 0x000000070ea00000, 0x000000070ea00000| Untracked 
| 118|0x000000070ec00000, 0x000000070ec00000, 0x000000070ee00000|  0%| F|  |TAMS 0x000000070ec00000, 0x000000070ec00000| Untracked 
| 119|0x000000070ee00000, 0x000000070ee00000, 0x000000070f000000|  0%| F|  |TAMS 0x000000070ee00000, 0x000000070ee00000| Untracked 
| 120|0x000000070f000000, 0x000000070f000000, 0x000000070f200000|  0%| F|  |TAMS 0x000000070f000000, 0x000000070f000000| Untracked 
| 121|0x000000070f200000, 0x000000070f200000, 0x000000070f400000|  0%| F|  |TAMS 0x000000070f200000, 0x000000070f200000| Untracked 
| 122|0x000000070f400000, 0x000000070f400000, 0x000000070f600000|  0%| F|  |TAMS 0x000000070f400000, 0x000000070f400000| Untracked 
| 123|0x000000070f600000, 0x000000070f600000, 0x000000070f800000|  0%| F|  |TAMS 0x000000070f600000, 0x000000070f600000| Untracked 
| 124|0x000000070f800000, 0x000000070f800000, 0x000000070fa00000|  0%| F|  |TAMS 0x000000070f800000, 0x000000070f800000| Untracked 
| 125|0x000000070fa00000, 0x000000070fa00000, 0x000000070fc00000|  0%| F|  |TAMS 0x000000070fa00000, 0x000000070fa00000| Untracked 
| 126|0x000000070fc00000, 0x000000070fc00000, 0x000000070fe00000|  0%| F|  |TAMS 0x000000070fc00000, 0x000000070fc00000| Untracked 
| 127|0x000000070fe00000, 0x000000070fe00000, 0x0000000710000000|  0%| F|  |TAMS 0x000000070fe00000, 0x000000070fe00000| Untracked 
| 128|0x0000000710000000, 0x0000000710000000, 0x0000000710200000|  0%| F|  |TAMS 0x0000000710000000, 0x0000000710000000| Untracked 
| 129|0x0000000710200000, 0x0000000710200000, 0x0000000710400000|  0%| F|  |TAMS 0x0000000710200000, 0x0000000710200000| Untracked 
| 130|0x0000000710400000, 0x0000000710400000, 0x0000000710600000|  0%| F|  |TAMS 0x0000000710400000, 0x0000000710400000| Untracked 
| 131|0x0000000710600000, 0x0000000710600000, 0x0000000710800000|  0%| F|  |TAMS 0x0000000710600000, 0x0000000710600000| Untracked 
| 132|0x0000000710800000, 0x0000000710800000, 0x0000000710a00000|  0%| F|  |TAMS 0x0000000710800000, 0x0000000710800000| Untracked 
| 133|0x0000000710a00000, 0x0000000710a00000, 0x0000000710c00000|  0%| F|  |TAMS 0x0000000710a00000, 0x0000000710a00000| Untracked 
| 134|0x0000000710c00000, 0x0000000710c00000, 0x0000000710e00000|  0%| F|  |TAMS 0x0000000710c00000, 0x0000000710c00000| Untracked 
| 135|0x0000000710e00000, 0x0000000710e00000, 0x0000000711000000|  0%| F|  |TAMS 0x0000000710e00000, 0x0000000710e00000| Untracked 
| 136|0x0000000711000000, 0x0000000711000000, 0x0000000711200000|  0%| F|  |TAMS 0x0000000711000000, 0x0000000711000000| Untracked 
| 137|0x0000000711200000, 0x0000000711200000, 0x0000000711400000|  0%| F|  |TAMS 0x0000000711200000, 0x0000000711200000| Untracked 
| 138|0x0000000711400000, 0x0000000711400000, 0x0000000711600000|  0%| F|  |TAMS 0x0000000711400000, 0x0000000711400000| Untracked 
| 139|0x0000000711600000, 0x0000000711600000, 0x0000000711800000|  0%| F|  |TAMS 0x0000000711600000, 0x0000000711600000| Untracked 
| 140|0x0000000711800000, 0x0000000711800000, 0x0000000711a00000|  0%| F|  |TAMS 0x0000000711800000, 0x0000000711800000| Untracked 
| 141|0x0000000711a00000, 0x0000000711a00000, 0x0000000711c00000|  0%| F|  |TAMS 0x0000000711a00000, 0x0000000711a00000| Untracked 
| 142|0x0000000711c00000, 0x0000000711c00000, 0x0000000711e00000|  0%| F|  |TAMS 0x0000000711c00000, 0x0000000711c00000| Untracked 
| 143|0x0000000711e00000, 0x0000000711e00000, 0x0000000712000000|  0%| F|  |TAMS 0x0000000711e00000, 0x0000000711e00000| Untracked 
| 144|0x0000000712000000, 0x0000000712000000, 0x0000000712200000|  0%| F|  |TAMS 0x0000000712000000, 0x0000000712000000| Untracked 
| 145|0x0000000712200000, 0x0000000712200000, 0x0000000712400000|  0%| F|  |TAMS 0x0000000712200000, 0x0000000712200000| Untracked 
| 146|0x0000000712400000, 0x0000000712400000, 0x0000000712600000|  0%| F|  |TAMS 0x0000000712400000, 0x0000000712400000| Untracked 
| 147|0x0000000712600000, 0x0000000712600000, 0x0000000712800000|  0%| F|  |TAMS 0x0000000712600000, 0x0000000712600000| Untracked 
| 148|0x0000000712800000, 0x0000000712800000, 0x0000000712a00000|  0%| F|  |TAMS 0x0000000712800000, 0x0000000712800000| Untracked 
| 149|0x0000000712a00000, 0x0000000712a00000, 0x0000000712c00000|  0%| F|  |TAMS 0x0000000712a00000, 0x0000000712a00000| Untracked 
| 150|0x0000000712c00000, 0x0000000712c00000, 0x0000000712e00000|  0%| F|  |TAMS 0x0000000712c00000, 0x0000000712c00000| Untracked 
| 151|0x0000000712e00000, 0x0000000712e00000, 0x0000000713000000|  0%| F|  |TAMS 0x0000000712e00000, 0x0000000712e00000| Untracked 
| 152|0x0000000713000000, 0x0000000713000000, 0x0000000713200000|  0%| F|  |TAMS 0x0000000713000000, 0x0000000713000000| Untracked 
| 153|0x0000000713200000, 0x0000000713200000, 0x0000000713400000|  0%| F|  |TAMS 0x0000000713200000, 0x0000000713200000| Untracked 
| 154|0x0000000713400000, 0x0000000713400000, 0x0000000713600000|  0%| F|  |TAMS 0x0000000713400000, 0x0000000713400000| Untracked 
| 155|0x0000000713600000, 0x0000000713600000, 0x0000000713800000|  0%| F|  |TAMS 0x0000000713600000, 0x0000000713600000| Untracked 
| 156|0x0000000713800000, 0x0000000713800000, 0x0000000713a00000|  0%| F|  |TAMS 0x0000000713800000, 0x0000000713800000| Untracked 
| 157|0x0000000713a00000, 0x0000000713a00000, 0x0000000713c00000|  0%| F|  |TAMS 0x0000000713a00000, 0x0000000713a00000| Untracked 
| 158|0x0000000713c00000, 0x0000000713c00000, 0x0000000713e00000|  0%| F|  |TAMS 0x0000000713c00000, 0x0000000713c00000| Untracked 
| 159|0x0000000713e00000, 0x0000000713e00000, 0x0000000714000000|  0%| F|  |TAMS 0x0000000713e00000, 0x0000000713e00000| Untracked 
| 160|0x0000000714000000, 0x0000000714000000, 0x0000000714200000|  0%| F|  |TAMS 0x0000000714000000, 0x0000000714000000| Untracked 
| 161|0x0000000714200000, 0x0000000714200000, 0x0000000714400000|  0%| F|  |TAMS 0x0000000714200000, 0x0000000714200000| Untracked 
| 162|0x0000000714400000, 0x0000000714400000, 0x0000000714600000|  0%| F|  |TAMS 0x0000000714400000, 0x0000000714400000| Untracked 
| 163|0x0000000714600000, 0x0000000714600000, 0x0000000714800000|  0%| F|  |TAMS 0x0000000714600000, 0x0000000714600000| Untracked 
| 164|0x0000000714800000, 0x0000000714800000, 0x0000000714a00000|  0%| F|  |TAMS 0x0000000714800000, 0x0000000714800000| Untracked 
| 165|0x0000000714a00000, 0x0000000714a00000, 0x0000000714c00000|  0%| F|  |TAMS 0x0000000714a00000, 0x0000000714a00000| Untracked 
| 166|0x0000000714c00000, 0x0000000714c00000, 0x0000000714e00000|  0%| F|  |TAMS 0x0000000714c00000, 0x0000000714c00000| Untracked 
| 167|0x0000000714e00000, 0x0000000714e00000, 0x0000000715000000|  0%| F|  |TAMS 0x0000000714e00000, 0x0000000714e00000| Untracked 
| 168|0x0000000715000000, 0x0000000715000000, 0x0000000715200000|  0%| F|  |TAMS 0x0000000715000000, 0x0000000715000000| Untracked 
| 169|0x0000000715200000, 0x0000000715200000, 0x0000000715400000|  0%| F|  |TAMS 0x0000000715200000, 0x0000000715200000| Untracked 
| 170|0x0000000715400000, 0x0000000715400000, 0x0000000715600000|  0%| F|  |TAMS 0x0000000715400000, 0x0000000715400000| Untracked 
| 171|0x0000000715600000, 0x0000000715600000, 0x0000000715800000|  0%| F|  |TAMS 0x0000000715600000, 0x0000000715600000| Untracked 
| 172|0x0000000715800000, 0x0000000715800000, 0x0000000715a00000|  0%| F|  |TAMS 0x0000000715800000, 0x0000000715800000| Untracked 
| 173|0x0000000715a00000, 0x0000000715a00000, 0x0000000715c00000|  0%| F|  |TAMS 0x0000000715a00000, 0x0000000715a00000| Untracked 
| 174|0x0000000715c00000, 0x0000000715c00000, 0x0000000715e00000|  0%| F|  |TAMS 0x0000000715c00000, 0x0000000715c00000| Untracked 
| 175|0x0000000715e00000, 0x0000000715e00000, 0x0000000716000000|  0%| F|  |TAMS 0x0000000715e00000, 0x0000000715e00000| Untracked 
| 176|0x0000000716000000, 0x0000000716000000, 0x0000000716200000|  0%| F|  |TAMS 0x0000000716000000, 0x0000000716000000| Untracked 
| 177|0x0000000716200000, 0x0000000716200000, 0x0000000716400000|  0%| F|  |TAMS 0x0000000716200000, 0x0000000716200000| Untracked 
| 178|0x0000000716400000, 0x0000000716400000, 0x0000000716600000|  0%| F|  |TAMS 0x0000000716400000, 0x0000000716400000| Untracked 
| 179|0x0000000716600000, 0x0000000716600000, 0x0000000716800000|  0%| F|  |TAMS 0x0000000716600000, 0x0000000716600000| Untracked 
| 180|0x0000000716800000, 0x0000000716800000, 0x0000000716a00000|  0%| F|  |TAMS 0x0000000716800000, 0x0000000716800000| Untracked 
| 181|0x0000000716a00000, 0x0000000716a00000, 0x0000000716c00000|  0%| F|  |TAMS 0x0000000716a00000, 0x0000000716a00000| Untracked 
| 182|0x0000000716c00000, 0x0000000716c00000, 0x0000000716e00000|  0%| F|  |TAMS 0x0000000716c00000, 0x0000000716c00000| Untracked 
| 183|0x0000000716e00000, 0x0000000716e00000, 0x0000000717000000|  0%| F|  |TAMS 0x0000000716e00000, 0x0000000716e00000| Untracked 
| 184|0x0000000717000000, 0x0000000717000000, 0x0000000717200000|  0%| F|  |TAMS 0x0000000717000000, 0x0000000717000000| Untracked 
| 185|0x0000000717200000, 0x0000000717200000, 0x0000000717400000|  0%| F|  |TAMS 0x0000000717200000, 0x0000000717200000| Untracked 
| 186|0x0000000717400000, 0x0000000717400000, 0x0000000717600000|  0%| F|  |TAMS 0x0000000717400000, 0x0000000717400000| Untracked 
| 187|0x0000000717600000, 0x0000000717600000, 0x0000000717800000|  0%| F|  |TAMS 0x0000000717600000, 0x0000000717600000| Untracked 
| 188|0x0000000717800000, 0x0000000717800000, 0x0000000717a00000|  0%| F|  |TAMS 0x0000000717800000, 0x0000000717800000| Untracked 
| 189|0x0000000717a00000, 0x0000000717a00000, 0x0000000717c00000|  0%| F|  |TAMS 0x0000000717a00000, 0x0000000717a00000| Untracked 
| 190|0x0000000717c00000, 0x0000000717c00000, 0x0000000717e00000|  0%| F|  |TAMS 0x0000000717c00000, 0x0000000717c00000| Untracked 
| 191|0x0000000717e00000, 0x0000000717e00000, 0x0000000718000000|  0%| F|  |TAMS 0x0000000717e00000, 0x0000000717e00000| Untracked 
| 192|0x0000000718000000, 0x0000000718000000, 0x0000000718200000|  0%| F|  |TAMS 0x0000000718000000, 0x0000000718000000| Untracked 
| 193|0x0000000718200000, 0x0000000718200000, 0x0000000718400000|  0%| F|  |TAMS 0x0000000718200000, 0x0000000718200000| Untracked 
| 194|0x0000000718400000, 0x0000000718400000, 0x0000000718600000|  0%| F|  |TAMS 0x0000000718400000, 0x0000000718400000| Untracked 
| 195|0x0000000718600000, 0x0000000718600000, 0x0000000718800000|  0%| F|  |TAMS 0x0000000718600000, 0x0000000718600000| Untracked 
| 196|0x0000000718800000, 0x0000000718800000, 0x0000000718a00000|  0%| F|  |TAMS 0x0000000718800000, 0x0000000718800000| Untracked 
| 197|0x0000000718a00000, 0x0000000718a00000, 0x0000000718c00000|  0%| F|  |TAMS 0x0000000718a00000, 0x0000000718a00000| Untracked 
| 198|0x0000000718c00000, 0x0000000718c00000, 0x0000000718e00000|  0%| F|  |TAMS 0x0000000718c00000, 0x0000000718c00000| Untracked 
| 199|0x0000000718e00000, 0x0000000718e00000, 0x0000000719000000|  0%| F|  |TAMS 0x0000000718e00000, 0x0000000718e00000| Untracked 
| 200|0x0000000719000000, 0x0000000719000000, 0x0000000719200000|  0%| F|  |TAMS 0x0000000719000000, 0x0000000719000000| Untracked 
| 201|0x0000000719200000, 0x0000000719200000, 0x0000000719400000|  0%| F|  |TAMS 0x0000000719200000, 0x0000000719200000| Untracked 
| 202|0x0000000719400000, 0x0000000719400000, 0x0000000719600000|  0%| F|  |TAMS 0x0000000719400000, 0x0000000719400000| Untracked 
| 203|0x0000000719600000, 0x0000000719600000, 0x0000000719800000|  0%| F|  |TAMS 0x0000000719600000, 0x0000000719600000| Untracked 
| 204|0x0000000719800000, 0x0000000719800000, 0x0000000719a00000|  0%| F|  |TAMS 0x0000000719800000, 0x0000000719800000| Untracked 
| 205|0x0000000719a00000, 0x0000000719a00000, 0x0000000719c00000|  0%| F|  |TAMS 0x0000000719a00000, 0x0000000719a00000| Untracked 
| 206|0x0000000719c00000, 0x0000000719c00000, 0x0000000719e00000|  0%| F|  |TAMS 0x0000000719c00000, 0x0000000719c00000| Untracked 
| 207|0x0000000719e00000, 0x0000000719e00000, 0x000000071a000000|  0%| F|  |TAMS 0x0000000719e00000, 0x0000000719e00000| Untracked 
| 208|0x000000071a000000, 0x000000071a000000, 0x000000071a200000|  0%| F|  |TAMS 0x000000071a000000, 0x000000071a000000| Untracked 
| 209|0x000000071a200000, 0x000000071a200000, 0x000000071a400000|  0%| F|  |TAMS 0x000000071a200000, 0x000000071a200000| Untracked 
| 210|0x000000071a400000, 0x000000071a400000, 0x000000071a600000|  0%| F|  |TAMS 0x000000071a400000, 0x000000071a400000| Untracked 
| 211|0x000000071a600000, 0x000000071a600000, 0x000000071a800000|  0%| F|  |TAMS 0x000000071a600000, 0x000000071a600000| Untracked 
| 212|0x000000071a800000, 0x000000071a800000, 0x000000071aa00000|  0%| F|  |TAMS 0x000000071a800000, 0x000000071a800000| Untracked 
| 213|0x000000071aa00000, 0x000000071aa00000, 0x000000071ac00000|  0%| F|  |TAMS 0x000000071aa00000, 0x000000071aa00000| Untracked 
| 214|0x000000071ac00000, 0x000000071ac00000, 0x000000071ae00000|  0%| F|  |TAMS 0x000000071ac00000, 0x000000071ac00000| Untracked 
| 215|0x000000071ae00000, 0x000000071ae00000, 0x000000071b000000|  0%| F|  |TAMS 0x000000071ae00000, 0x000000071ae00000| Untracked 
| 216|0x000000071b000000, 0x000000071b000000, 0x000000071b200000|  0%| F|  |TAMS 0x000000071b000000, 0x000000071b000000| Untracked 
| 217|0x000000071b200000, 0x000000071b200000, 0x000000071b400000|  0%| F|  |TAMS 0x000000071b200000, 0x000000071b200000| Untracked 
| 218|0x000000071b400000, 0x000000071b400000, 0x000000071b600000|  0%| F|  |TAMS 0x000000071b400000, 0x000000071b400000| Untracked 
| 219|0x000000071b600000, 0x000000071b600000, 0x000000071b800000|  0%| F|  |TAMS 0x000000071b600000, 0x000000071b600000| Untracked 
| 220|0x000000071b800000, 0x000000071b800000, 0x000000071ba00000|  0%| F|  |TAMS 0x000000071b800000, 0x000000071b800000| Untracked 
| 221|0x000000071ba00000, 0x000000071ba00000, 0x000000071bc00000|  0%| F|  |TAMS 0x000000071ba00000, 0x000000071ba00000| Untracked 
| 222|0x000000071bc00000, 0x000000071bc00000, 0x000000071be00000|  0%| F|  |TAMS 0x000000071bc00000, 0x000000071bc00000| Untracked 
| 223|0x000000071be00000, 0x000000071be00000, 0x000000071c000000|  0%| F|  |TAMS 0x000000071be00000, 0x000000071be00000| Untracked 
| 224|0x000000071c000000, 0x000000071c000000, 0x000000071c200000|  0%| F|  |TAMS 0x000000071c000000, 0x000000071c000000| Untracked 
| 225|0x000000071c200000, 0x000000071c200000, 0x000000071c400000|  0%| F|  |TAMS 0x000000071c200000, 0x000000071c200000| Untracked 
| 226|0x000000071c400000, 0x000000071c400000, 0x000000071c600000|  0%| F|  |TAMS 0x000000071c400000, 0x000000071c400000| Untracked 
| 227|0x000000071c600000, 0x000000071c600000, 0x000000071c800000|  0%| F|  |TAMS 0x000000071c600000, 0x000000071c600000| Untracked 
| 228|0x000000071c800000, 0x000000071c800000, 0x000000071ca00000|  0%| F|  |TAMS 0x000000071c800000, 0x000000071c800000| Untracked 
| 229|0x000000071ca00000, 0x000000071ca00000, 0x000000071cc00000|  0%| F|  |TAMS 0x000000071ca00000, 0x000000071ca00000| Untracked 
| 230|0x000000071cc00000, 0x000000071cc00000, 0x000000071ce00000|  0%| F|  |TAMS 0x000000071cc00000, 0x000000071cc00000| Untracked 
| 231|0x000000071ce00000, 0x000000071ce00000, 0x000000071d000000|  0%| F|  |TAMS 0x000000071ce00000, 0x000000071ce00000| Untracked 
| 232|0x000000071d000000, 0x000000071d000000, 0x000000071d200000|  0%| F|  |TAMS 0x000000071d000000, 0x000000071d000000| Untracked 
| 233|0x000000071d200000, 0x000000071d200000, 0x000000071d400000|  0%| F|  |TAMS 0x000000071d200000, 0x000000071d200000| Untracked 
| 234|0x000000071d400000, 0x000000071d400000, 0x000000071d600000|  0%| F|  |TAMS 0x000000071d400000, 0x000000071d400000| Untracked 
| 235|0x000000071d600000, 0x000000071d600000, 0x000000071d800000|  0%| F|  |TAMS 0x000000071d600000, 0x000000071d600000| Untracked 
| 236|0x000000071d800000, 0x000000071d800000, 0x000000071da00000|  0%| F|  |TAMS 0x000000071d800000, 0x000000071d800000| Untracked 
| 237|0x000000071da00000, 0x000000071da00000, 0x000000071dc00000|  0%| F|  |TAMS 0x000000071da00000, 0x000000071da00000| Untracked 
| 238|0x000000071dc00000, 0x000000071dc00000, 0x000000071de00000|  0%| F|  |TAMS 0x000000071dc00000, 0x000000071dc00000| Untracked 
| 239|0x000000071de00000, 0x000000071de00000, 0x000000071e000000|  0%| F|  |TAMS 0x000000071de00000, 0x000000071de00000| Untracked 
| 240|0x000000071e000000, 0x000000071e000000, 0x000000071e200000|  0%| F|  |TAMS 0x000000071e000000, 0x000000071e000000| Untracked 
| 241|0x000000071e200000, 0x000000071e200000, 0x000000071e400000|  0%| F|  |TAMS 0x000000071e200000, 0x000000071e200000| Untracked 
| 242|0x000000071e400000, 0x000000071e400000, 0x000000071e600000|  0%| F|  |TAMS 0x000000071e400000, 0x000000071e400000| Untracked 
| 243|0x000000071e600000, 0x000000071e600000, 0x000000071e800000|  0%| F|  |TAMS 0x000000071e600000, 0x000000071e600000| Untracked 
| 244|0x000000071e800000, 0x000000071e800000, 0x000000071ea00000|  0%| F|  |TAMS 0x000000071e800000, 0x000000071e800000| Untracked 
| 245|0x000000071ea00000, 0x000000071ea00000, 0x000000071ec00000|  0%| F|  |TAMS 0x000000071ea00000, 0x000000071ea00000| Untracked 
| 246|0x000000071ec00000, 0x000000071ec00000, 0x000000071ee00000|  0%| F|  |TAMS 0x000000071ec00000, 0x000000071ec00000| Untracked 
| 247|0x000000071ee00000, 0x000000071ee00000, 0x000000071f000000|  0%| F|  |TAMS 0x000000071ee00000, 0x000000071ee00000| Untracked 
| 248|0x000000071f000000, 0x000000071f000000, 0x000000071f200000|  0%| F|  |TAMS 0x000000071f000000, 0x000000071f000000| Untracked 
| 249|0x000000071f200000, 0x000000071f200000, 0x000000071f400000|  0%| F|  |TAMS 0x000000071f200000, 0x000000071f200000| Untracked 
| 250|0x000000071f400000, 0x000000071f600000, 0x000000071f600000|100%| S|CS|TAMS 0x000000071f400000, 0x000000071f400000| Complete 
| 251|0x000000071f600000, 0x000000071f800000, 0x000000071f800000|100%| S|CS|TAMS 0x000000071f600000, 0x000000071f600000| Complete 
| 252|0x000000071f800000, 0x000000071f800000, 0x000000071fa00000|  0%| F|  |TAMS 0x000000071f800000, 0x000000071f800000| Untracked 
| 253|0x000000071fa00000, 0x000000071fa00000, 0x000000071fc00000|  0%| F|  |TAMS 0x000000071fa00000, 0x000000071fa00000| Untracked 
| 254|0x000000071fc00000, 0x000000071fc00000, 0x000000071fe00000|  0%| F|  |TAMS 0x000000071fc00000, 0x000000071fc00000| Untracked 
| 255|0x000000071fe00000, 0x000000071fe00000, 0x0000000720000000|  0%| F|  |TAMS 0x000000071fe00000, 0x000000071fe00000| Untracked 
| 256|0x0000000720000000, 0x0000000720000000, 0x0000000720200000|  0%| F|  |TAMS 0x0000000720000000, 0x0000000720000000| Untracked 
| 257|0x0000000720200000, 0x0000000720200000, 0x0000000720400000|  0%| F|  |TAMS 0x0000000720200000, 0x0000000720200000| Untracked 
| 258|0x0000000720400000, 0x0000000720400000, 0x0000000720600000|  0%| F|  |TAMS 0x0000000720400000, 0x0000000720400000| Untracked 
| 259|0x0000000720600000, 0x0000000720600000, 0x0000000720800000|  0%| F|  |TAMS 0x0000000720600000, 0x0000000720600000| Untracked 
| 260|0x0000000720800000, 0x0000000720800000, 0x0000000720a00000|  0%| F|  |TAMS 0x0000000720800000, 0x0000000720800000| Untracked 
| 261|0x0000000720a00000, 0x0000000720a00000, 0x0000000720c00000|  0%| F|  |TAMS 0x0000000720a00000, 0x0000000720a00000| Untracked 
| 262|0x0000000720c00000, 0x0000000720c00000, 0x0000000720e00000|  0%| F|  |TAMS 0x0000000720c00000, 0x0000000720c00000| Untracked 
| 263|0x0000000720e00000, 0x0000000720e00000, 0x0000000721000000|  0%| F|  |TAMS 0x0000000720e00000, 0x0000000720e00000| Untracked 
| 264|0x0000000721000000, 0x0000000721000000, 0x0000000721200000|  0%| F|  |TAMS 0x0000000721000000, 0x0000000721000000| Untracked 
| 265|0x0000000721200000, 0x0000000721200000, 0x0000000721400000|  0%| F|  |TAMS 0x0000000721200000, 0x0000000721200000| Untracked 
| 266|0x0000000721400000, 0x0000000721400000, 0x0000000721600000|  0%| F|  |TAMS 0x0000000721400000, 0x0000000721400000| Untracked 
| 267|0x0000000721600000, 0x0000000721600000, 0x0000000721800000|  0%| F|  |TAMS 0x0000000721600000, 0x0000000721600000| Untracked 
| 268|0x0000000721800000, 0x0000000721800000, 0x0000000721a00000|  0%| F|  |TAMS 0x0000000721800000, 0x0000000721800000| Untracked 
| 269|0x0000000721a00000, 0x0000000721a00000, 0x0000000721c00000|  0%| F|  |TAMS 0x0000000721a00000, 0x0000000721a00000| Untracked 
| 270|0x0000000721c00000, 0x0000000721c00000, 0x0000000721e00000|  0%| F|  |TAMS 0x0000000721c00000, 0x0000000721c00000| Untracked 
| 271|0x0000000721e00000, 0x0000000721e00000, 0x0000000722000000|  0%| F|  |TAMS 0x0000000721e00000, 0x0000000721e00000| Untracked 
| 272|0x0000000722000000, 0x0000000722000000, 0x0000000722200000|  0%| F|  |TAMS 0x0000000722000000, 0x0000000722000000| Untracked 
| 273|0x0000000722200000, 0x0000000722200000, 0x0000000722400000|  0%| F|  |TAMS 0x0000000722200000, 0x0000000722200000| Untracked 
| 274|0x0000000722400000, 0x0000000722400000, 0x0000000722600000|  0%| F|  |TAMS 0x0000000722400000, 0x0000000722400000| Untracked 
| 275|0x0000000722600000, 0x0000000722600000, 0x0000000722800000|  0%| F|  |TAMS 0x0000000722600000, 0x0000000722600000| Untracked 
| 276|0x0000000722800000, 0x0000000722800000, 0x0000000722a00000|  0%| F|  |TAMS 0x0000000722800000, 0x0000000722800000| Untracked 
| 277|0x0000000722a00000, 0x0000000722a00000, 0x0000000722c00000|  0%| F|  |TAMS 0x0000000722a00000, 0x0000000722a00000| Untracked 
| 278|0x0000000722c00000, 0x0000000722c00000, 0x0000000722e00000|  0%| F|  |TAMS 0x0000000722c00000, 0x0000000722c00000| Untracked 
| 279|0x0000000722e00000, 0x0000000722e00000, 0x0000000723000000|  0%| F|  |TAMS 0x0000000722e00000, 0x0000000722e00000| Untracked 
| 280|0x0000000723000000, 0x0000000723000000, 0x0000000723200000|  0%| F|  |TAMS 0x0000000723000000, 0x0000000723000000| Untracked 
| 281|0x0000000723200000, 0x0000000723200000, 0x0000000723400000|  0%| F|  |TAMS 0x0000000723200000, 0x0000000723200000| Untracked 
| 282|0x0000000723400000, 0x0000000723400000, 0x0000000723600000|  0%| F|  |TAMS 0x0000000723400000, 0x0000000723400000| Untracked 
| 283|0x0000000723600000, 0x0000000723600000, 0x0000000723800000|  0%| F|  |TAMS 0x0000000723600000, 0x0000000723600000| Untracked 
| 284|0x0000000723800000, 0x0000000723800000, 0x0000000723a00000|  0%| F|  |TAMS 0x0000000723800000, 0x0000000723800000| Untracked 
| 285|0x0000000723a00000, 0x0000000723a00000, 0x0000000723c00000|  0%| F|  |TAMS 0x0000000723a00000, 0x0000000723a00000| Untracked 
| 286|0x0000000723c00000, 0x0000000723c00000, 0x0000000723e00000|  0%| F|  |TAMS 0x0000000723c00000, 0x0000000723c00000| Untracked 
| 287|0x0000000723e00000, 0x0000000723e00000, 0x0000000724000000|  0%| F|  |TAMS 0x0000000723e00000, 0x0000000723e00000| Untracked 
| 288|0x0000000724000000, 0x0000000724000000, 0x0000000724200000|  0%| F|  |TAMS 0x0000000724000000, 0x0000000724000000| Untracked 
| 289|0x0000000724200000, 0x0000000724200000, 0x0000000724400000|  0%| F|  |TAMS 0x0000000724200000, 0x0000000724200000| Untracked 
| 290|0x0000000724400000, 0x0000000724400000, 0x0000000724600000|  0%| F|  |TAMS 0x0000000724400000, 0x0000000724400000| Untracked 
| 291|0x0000000724600000, 0x0000000724600000, 0x0000000724800000|  0%| F|  |TAMS 0x0000000724600000, 0x0000000724600000| Untracked 
| 292|0x0000000724800000, 0x0000000724800000, 0x0000000724a00000|  0%| F|  |TAMS 0x0000000724800000, 0x0000000724800000| Untracked 
| 293|0x0000000724a00000, 0x0000000724a00000, 0x0000000724c00000|  0%| F|  |TAMS 0x0000000724a00000, 0x0000000724a00000| Untracked 
| 294|0x0000000724c00000, 0x0000000724c00000, 0x0000000724e00000|  0%| F|  |TAMS 0x0000000724c00000, 0x0000000724c00000| Untracked 
| 295|0x0000000724e00000, 0x0000000724e00000, 0x0000000725000000|  0%| F|  |TAMS 0x0000000724e00000, 0x0000000724e00000| Untracked 
| 296|0x0000000725000000, 0x0000000725000000, 0x0000000725200000|  0%| F|  |TAMS 0x0000000725000000, 0x0000000725000000| Untracked 
| 297|0x0000000725200000, 0x0000000725200000, 0x0000000725400000|  0%| F|  |TAMS 0x0000000725200000, 0x0000000725200000| Untracked 
| 298|0x0000000725400000, 0x0000000725400000, 0x0000000725600000|  0%| F|  |TAMS 0x0000000725400000, 0x0000000725400000| Untracked 
| 299|0x0000000725600000, 0x0000000725600000, 0x0000000725800000|  0%| F|  |TAMS 0x0000000725600000, 0x0000000725600000| Untracked 
| 300|0x0000000725800000, 0x0000000725800000, 0x0000000725a00000|  0%| F|  |TAMS 0x0000000725800000, 0x0000000725800000| Untracked 
| 301|0x0000000725a00000, 0x0000000725a00000, 0x0000000725c00000|  0%| F|  |TAMS 0x0000000725a00000, 0x0000000725a00000| Untracked 
| 302|0x0000000725c00000, 0x0000000725c00000, 0x0000000725e00000|  0%| F|  |TAMS 0x0000000725c00000, 0x0000000725c00000| Untracked 
| 303|0x0000000725e00000, 0x0000000725e00000, 0x0000000726000000|  0%| F|  |TAMS 0x0000000725e00000, 0x0000000725e00000| Untracked 
| 304|0x0000000726000000, 0x0000000726000000, 0x0000000726200000|  0%| F|  |TAMS 0x0000000726000000, 0x0000000726000000| Untracked 
| 305|0x0000000726200000, 0x0000000726200000, 0x0000000726400000|  0%| F|  |TAMS 0x0000000726200000, 0x0000000726200000| Untracked 
| 306|0x0000000726400000, 0x0000000726400000, 0x0000000726600000|  0%| F|  |TAMS 0x0000000726400000, 0x0000000726400000| Untracked 
| 307|0x0000000726600000, 0x0000000726600000, 0x0000000726800000|  0%| F|  |TAMS 0x0000000726600000, 0x0000000726600000| Untracked 
| 308|0x0000000726800000, 0x0000000726800000, 0x0000000726a00000|  0%| F|  |TAMS 0x0000000726800000, 0x0000000726800000| Untracked 
| 309|0x0000000726a00000, 0x0000000726a00000, 0x0000000726c00000|  0%| F|  |TAMS 0x0000000726a00000, 0x0000000726a00000| Untracked 
| 310|0x0000000726c00000, 0x0000000726c00000, 0x0000000726e00000|  0%| F|  |TAMS 0x0000000726c00000, 0x0000000726c00000| Untracked 
| 311|0x0000000726e00000, 0x0000000726e00000, 0x0000000727000000|  0%| F|  |TAMS 0x0000000726e00000, 0x0000000726e00000| Untracked 
| 312|0x0000000727000000, 0x0000000727000000, 0x0000000727200000|  0%| F|  |TAMS 0x0000000727000000, 0x0000000727000000| Untracked 
| 313|0x0000000727200000, 0x0000000727200000, 0x0000000727400000|  0%| F|  |TAMS 0x0000000727200000, 0x0000000727200000| Untracked 
| 314|0x0000000727400000, 0x0000000727400000, 0x0000000727600000|  0%| F|  |TAMS 0x0000000727400000, 0x0000000727400000| Untracked 
| 315|0x0000000727600000, 0x0000000727600000, 0x0000000727800000|  0%| F|  |TAMS 0x0000000727600000, 0x0000000727600000| Untracked 
| 316|0x0000000727800000, 0x0000000727800000, 0x0000000727a00000|  0%| F|  |TAMS 0x0000000727800000, 0x0000000727800000| Untracked 
| 317|0x0000000727a00000, 0x0000000727a00000, 0x0000000727c00000|  0%| F|  |TAMS 0x0000000727a00000, 0x0000000727a00000| Untracked 
| 318|0x0000000727c00000, 0x0000000727c00000, 0x0000000727e00000|  0%| F|  |TAMS 0x0000000727c00000, 0x0000000727c00000| Untracked 
| 319|0x0000000727e00000, 0x0000000727e00000, 0x0000000728000000|  0%| F|  |TAMS 0x0000000727e00000, 0x0000000727e00000| Untracked 
| 320|0x0000000728000000, 0x0000000728000000, 0x0000000728200000|  0%| F|  |TAMS 0x0000000728000000, 0x0000000728000000| Untracked 
| 321|0x0000000728200000, 0x0000000728200000, 0x0000000728400000|  0%| F|  |TAMS 0x0000000728200000, 0x0000000728200000| Untracked 
| 322|0x0000000728400000, 0x0000000728400000, 0x0000000728600000|  0%| F|  |TAMS 0x0000000728400000, 0x0000000728400000| Untracked 
| 323|0x0000000728600000, 0x0000000728600000, 0x0000000728800000|  0%| F|  |TAMS 0x0000000728600000, 0x0000000728600000| Untracked 
| 324|0x0000000728800000, 0x0000000728800000, 0x0000000728a00000|  0%| F|  |TAMS 0x0000000728800000, 0x0000000728800000| Untracked 
| 325|0x0000000728a00000, 0x0000000728a00000, 0x0000000728c00000|  0%| F|  |TAMS 0x0000000728a00000, 0x0000000728a00000| Untracked 
| 326|0x0000000728c00000, 0x0000000728c00000, 0x0000000728e00000|  0%| F|  |TAMS 0x0000000728c00000, 0x0000000728c00000| Untracked 
| 327|0x0000000728e00000, 0x0000000728e00000, 0x0000000729000000|  0%| F|  |TAMS 0x0000000728e00000, 0x0000000728e00000| Untracked 
| 328|0x0000000729000000, 0x0000000729000000, 0x0000000729200000|  0%| F|  |TAMS 0x0000000729000000, 0x0000000729000000| Untracked 
| 329|0x0000000729200000, 0x0000000729200000, 0x0000000729400000|  0%| F|  |TAMS 0x0000000729200000, 0x0000000729200000| Untracked 
| 330|0x0000000729400000, 0x0000000729400000, 0x0000000729600000|  0%| F|  |TAMS 0x0000000729400000, 0x0000000729400000| Untracked 
| 331|0x0000000729600000, 0x0000000729600000, 0x0000000729800000|  0%| F|  |TAMS 0x0000000729600000, 0x0000000729600000| Untracked 
| 332|0x0000000729800000, 0x0000000729800000, 0x0000000729a00000|  0%| F|  |TAMS 0x0000000729800000, 0x0000000729800000| Untracked 
| 333|0x0000000729a00000, 0x0000000729a00000, 0x0000000729c00000|  0%| F|  |TAMS 0x0000000729a00000, 0x0000000729a00000| Untracked 
| 334|0x0000000729c00000, 0x0000000729c00000, 0x0000000729e00000|  0%| F|  |TAMS 0x0000000729c00000, 0x0000000729c00000| Untracked 
| 335|0x0000000729e00000, 0x0000000729e00000, 0x000000072a000000|  0%| F|  |TAMS 0x0000000729e00000, 0x0000000729e00000| Untracked 
| 336|0x000000072a000000, 0x000000072a000000, 0x000000072a200000|  0%| F|  |TAMS 0x000000072a000000, 0x000000072a000000| Untracked 
| 337|0x000000072a200000, 0x000000072a200000, 0x000000072a400000|  0%| F|  |TAMS 0x000000072a200000, 0x000000072a200000| Untracked 
| 338|0x000000072a400000, 0x000000072a400000, 0x000000072a600000|  0%| F|  |TAMS 0x000000072a400000, 0x000000072a400000| Untracked 
| 339|0x000000072a600000, 0x000000072a600000, 0x000000072a800000|  0%| F|  |TAMS 0x000000072a600000, 0x000000072a600000| Untracked 
| 340|0x000000072a800000, 0x000000072a800000, 0x000000072aa00000|  0%| F|  |TAMS 0x000000072a800000, 0x000000072a800000| Untracked 
| 341|0x000000072aa00000, 0x000000072aa00000, 0x000000072ac00000|  0%| F|  |TAMS 0x000000072aa00000, 0x000000072aa00000| Untracked 
| 342|0x000000072ac00000, 0x000000072ac00000, 0x000000072ae00000|  0%| F|  |TAMS 0x000000072ac00000, 0x000000072ac00000| Untracked 
| 343|0x000000072ae00000, 0x000000072ae00000, 0x000000072b000000|  0%| F|  |TAMS 0x000000072ae00000, 0x000000072ae00000| Untracked 
| 344|0x000000072b000000, 0x000000072b000000, 0x000000072b200000|  0%| F|  |TAMS 0x000000072b000000, 0x000000072b000000| Untracked 
| 345|0x000000072b200000, 0x000000072b200000, 0x000000072b400000|  0%| F|  |TAMS 0x000000072b200000, 0x000000072b200000| Untracked 
| 346|0x000000072b400000, 0x000000072b400000, 0x000000072b600000|  0%| F|  |TAMS 0x000000072b400000, 0x000000072b400000| Untracked 
| 347|0x000000072b600000, 0x000000072b600000, 0x000000072b800000|  0%| F|  |TAMS 0x000000072b600000, 0x000000072b600000| Untracked 
| 348|0x000000072b800000, 0x000000072b800000, 0x000000072ba00000|  0%| F|  |TAMS 0x000000072b800000, 0x000000072b800000| Untracked 
| 349|0x000000072ba00000, 0x000000072ba00000, 0x000000072bc00000|  0%| F|  |TAMS 0x000000072ba00000, 0x000000072ba00000| Untracked 
| 350|0x000000072bc00000, 0x000000072bc00000, 0x000000072be00000|  0%| F|  |TAMS 0x000000072bc00000, 0x000000072bc00000| Untracked 
| 351|0x000000072be00000, 0x000000072be00000, 0x000000072c000000|  0%| F|  |TAMS 0x000000072be00000, 0x000000072be00000| Untracked 
| 352|0x000000072c000000, 0x000000072c000000, 0x000000072c200000|  0%| F|  |TAMS 0x000000072c000000, 0x000000072c000000| Untracked 
| 353|0x000000072c200000, 0x000000072c200000, 0x000000072c400000|  0%| F|  |TAMS 0x000000072c200000, 0x000000072c200000| Untracked 
| 354|0x000000072c400000, 0x000000072c400000, 0x000000072c600000|  0%| F|  |TAMS 0x000000072c400000, 0x000000072c400000| Untracked 
| 355|0x000000072c600000, 0x000000072c600000, 0x000000072c800000|  0%| F|  |TAMS 0x000000072c600000, 0x000000072c600000| Untracked 
| 356|0x000000072c800000, 0x000000072c800000, 0x000000072ca00000|  0%| F|  |TAMS 0x000000072c800000, 0x000000072c800000| Untracked 
| 357|0x000000072ca00000, 0x000000072ca00000, 0x000000072cc00000|  0%| F|  |TAMS 0x000000072ca00000, 0x000000072ca00000| Untracked 
| 358|0x000000072cc00000, 0x000000072cc00000, 0x000000072ce00000|  0%| F|  |TAMS 0x000000072cc00000, 0x000000072cc00000| Untracked 
| 359|0x000000072ce00000, 0x000000072ce00000, 0x000000072d000000|  0%| F|  |TAMS 0x000000072ce00000, 0x000000072ce00000| Untracked 
| 360|0x000000072d000000, 0x000000072d000000, 0x000000072d200000|  0%| F|  |TAMS 0x000000072d000000, 0x000000072d000000| Untracked 
| 361|0x000000072d200000, 0x000000072d200000, 0x000000072d400000|  0%| F|  |TAMS 0x000000072d200000, 0x000000072d200000| Untracked 
| 362|0x000000072d400000, 0x000000072d400000, 0x000000072d600000|  0%| F|  |TAMS 0x000000072d400000, 0x000000072d400000| Untracked 
| 363|0x000000072d600000, 0x000000072d600000, 0x000000072d800000|  0%| F|  |TAMS 0x000000072d600000, 0x000000072d600000| Untracked 
| 364|0x000000072d800000, 0x000000072d800000, 0x000000072da00000|  0%| F|  |TAMS 0x000000072d800000, 0x000000072d800000| Untracked 
| 365|0x000000072da00000, 0x000000072da00000, 0x000000072dc00000|  0%| F|  |TAMS 0x000000072da00000, 0x000000072da00000| Untracked 
| 366|0x000000072dc00000, 0x000000072dc00000, 0x000000072de00000|  0%| F|  |TAMS 0x000000072dc00000, 0x000000072dc00000| Untracked 
| 367|0x000000072de00000, 0x000000072de00000, 0x000000072e000000|  0%| F|  |TAMS 0x000000072de00000, 0x000000072de00000| Untracked 
| 368|0x000000072e000000, 0x000000072e000000, 0x000000072e200000|  0%| F|  |TAMS 0x000000072e000000, 0x000000072e000000| Untracked 
| 369|0x000000072e200000, 0x000000072e200000, 0x000000072e400000|  0%| F|  |TAMS 0x000000072e200000, 0x000000072e200000| Untracked 
| 370|0x000000072e400000, 0x000000072e400000, 0x000000072e600000|  0%| F|  |TAMS 0x000000072e400000, 0x000000072e400000| Untracked 
| 371|0x000000072e600000, 0x000000072e600000, 0x000000072e800000|  0%| F|  |TAMS 0x000000072e600000, 0x000000072e600000| Untracked 
| 372|0x000000072e800000, 0x000000072e800000, 0x000000072ea00000|  0%| F|  |TAMS 0x000000072e800000, 0x000000072e800000| Untracked 
| 373|0x000000072ea00000, 0x000000072ea00000, 0x000000072ec00000|  0%| F|  |TAMS 0x000000072ea00000, 0x000000072ea00000| Untracked 
| 374|0x000000072ec00000, 0x000000072ec00000, 0x000000072ee00000|  0%| F|  |TAMS 0x000000072ec00000, 0x000000072ec00000| Untracked 
| 375|0x000000072ee00000, 0x000000072ee00000, 0x000000072f000000|  0%| F|  |TAMS 0x000000072ee00000, 0x000000072ee00000| Untracked 
| 376|0x000000072f000000, 0x000000072f000000, 0x000000072f200000|  0%| F|  |TAMS 0x000000072f000000, 0x000000072f000000| Untracked 
| 377|0x000000072f200000, 0x000000072f200000, 0x000000072f400000|  0%| F|  |TAMS 0x000000072f200000, 0x000000072f200000| Untracked 
| 378|0x000000072f400000, 0x000000072f400000, 0x000000072f600000|  0%| F|  |TAMS 0x000000072f400000, 0x000000072f400000| Untracked 
| 379|0x000000072f600000, 0x000000072f600000, 0x000000072f800000|  0%| F|  |TAMS 0x000000072f600000, 0x000000072f600000| Untracked 
| 380|0x000000072f800000, 0x000000072f800000, 0x000000072fa00000|  0%| F|  |TAMS 0x000000072f800000, 0x000000072f800000| Untracked 
| 381|0x000000072fa00000, 0x000000072fa00000, 0x000000072fc00000|  0%| F|  |TAMS 0x000000072fa00000, 0x000000072fa00000| Untracked 
| 382|0x000000072fc00000, 0x000000072fc00000, 0x000000072fe00000|  0%| F|  |TAMS 0x000000072fc00000, 0x000000072fc00000| Untracked 
| 383|0x000000072fe00000, 0x000000072fe00000, 0x0000000730000000|  0%| F|  |TAMS 0x000000072fe00000, 0x000000072fe00000| Untracked 
| 384|0x0000000730000000, 0x0000000730000000, 0x0000000730200000|  0%| F|  |TAMS 0x0000000730000000, 0x0000000730000000| Untracked 
| 385|0x0000000730200000, 0x0000000730200000, 0x0000000730400000|  0%| F|  |TAMS 0x0000000730200000, 0x0000000730200000| Untracked 
| 386|0x0000000730400000, 0x0000000730400000, 0x0000000730600000|  0%| F|  |TAMS 0x0000000730400000, 0x0000000730400000| Untracked 
| 387|0x0000000730600000, 0x0000000730600000, 0x0000000730800000|  0%| F|  |TAMS 0x0000000730600000, 0x0000000730600000| Untracked 
| 388|0x0000000730800000, 0x0000000730800000, 0x0000000730a00000|  0%| F|  |TAMS 0x0000000730800000, 0x0000000730800000| Untracked 
| 389|0x0000000730a00000, 0x0000000730a00000, 0x0000000730c00000|  0%| F|  |TAMS 0x0000000730a00000, 0x0000000730a00000| Untracked 
| 390|0x0000000730c00000, 0x0000000730c00000, 0x0000000730e00000|  0%| F|  |TAMS 0x0000000730c00000, 0x0000000730c00000| Untracked 
| 391|0x0000000730e00000, 0x0000000730e00000, 0x0000000731000000|  0%| F|  |TAMS 0x0000000730e00000, 0x0000000730e00000| Untracked 
| 392|0x0000000731000000, 0x0000000731000000, 0x0000000731200000|  0%| F|  |TAMS 0x0000000731000000, 0x0000000731000000| Untracked 
| 393|0x0000000731200000, 0x0000000731200000, 0x0000000731400000|  0%| F|  |TAMS 0x0000000731200000, 0x0000000731200000| Untracked 
| 394|0x0000000731400000, 0x0000000731400000, 0x0000000731600000|  0%| F|  |TAMS 0x0000000731400000, 0x0000000731400000| Untracked 
| 395|0x0000000731600000, 0x0000000731600000, 0x0000000731800000|  0%| F|  |TAMS 0x0000000731600000, 0x0000000731600000| Untracked 
| 396|0x0000000731800000, 0x0000000731800000, 0x0000000731a00000|  0%| F|  |TAMS 0x0000000731800000, 0x0000000731800000| Untracked 
| 397|0x0000000731a00000, 0x0000000731a00000, 0x0000000731c00000|  0%| F|  |TAMS 0x0000000731a00000, 0x0000000731a00000| Untracked 
| 398|0x0000000731c00000, 0x0000000731c00000, 0x0000000731e00000|  0%| F|  |TAMS 0x0000000731c00000, 0x0000000731c00000| Untracked 
| 399|0x0000000731e00000, 0x0000000731e00000, 0x0000000732000000|  0%| F|  |TAMS 0x0000000731e00000, 0x0000000731e00000| Untracked 
| 400|0x0000000732000000, 0x0000000732000000, 0x0000000732200000|  0%| F|  |TAMS 0x0000000732000000, 0x0000000732000000| Untracked 
| 401|0x0000000732200000, 0x0000000732200000, 0x0000000732400000|  0%| F|  |TAMS 0x0000000732200000, 0x0000000732200000| Untracked 
| 402|0x0000000732400000, 0x0000000732400000, 0x0000000732600000|  0%| F|  |TAMS 0x0000000732400000, 0x0000000732400000| Untracked 
| 403|0x0000000732600000, 0x0000000732600000, 0x0000000732800000|  0%| F|  |TAMS 0x0000000732600000, 0x0000000732600000| Untracked 
| 404|0x0000000732800000, 0x0000000732800000, 0x0000000732a00000|  0%| F|  |TAMS 0x0000000732800000, 0x0000000732800000| Untracked 
| 405|0x0000000732a00000, 0x0000000732a00000, 0x0000000732c00000|  0%| F|  |TAMS 0x0000000732a00000, 0x0000000732a00000| Untracked 
| 406|0x0000000732c00000, 0x0000000732c00000, 0x0000000732e00000|  0%| F|  |TAMS 0x0000000732c00000, 0x0000000732c00000| Untracked 
| 407|0x0000000732e00000, 0x0000000732e00000, 0x0000000733000000|  0%| F|  |TAMS 0x0000000732e00000, 0x0000000732e00000| Untracked 
| 408|0x0000000733000000, 0x0000000733000000, 0x0000000733200000|  0%| F|  |TAMS 0x0000000733000000, 0x0000000733000000| Untracked 
| 409|0x0000000733200000, 0x0000000733200000, 0x0000000733400000|  0%| F|  |TAMS 0x0000000733200000, 0x0000000733200000| Untracked 
| 410|0x0000000733400000, 0x0000000733400000, 0x0000000733600000|  0%| F|  |TAMS 0x0000000733400000, 0x0000000733400000| Untracked 
| 411|0x0000000733600000, 0x0000000733600000, 0x0000000733800000|  0%| F|  |TAMS 0x0000000733600000, 0x0000000733600000| Untracked 
|2011|0x00000007fb600000, 0x00000007fb800000, 0x00000007fb800000|100%| O|  |TAMS 0x00000007fb800000, 0x00000007fb600000| Untracked 
|2012|0x00000007fb800000, 0x00000007fb800000, 0x00000007fba00000|  0%| F|  |TAMS 0x00000007fb800000, 0x00000007fb800000| Untracked 
|2013|0x00000007fba00000, 0x00000007fbc00000, 0x00000007fbc00000|100%| O|  |TAMS 0x00000007fbc00000, 0x00000007fba00000| Untracked 
|2014|0x00000007fbc00000, 0x00000007fbe00000, 0x00000007fbe00000|100%| O|  |TAMS 0x00000007fbe00000, 0x00000007fbc00000| Untracked 
|2015|0x00000007fbe00000, 0x00000007fc000000, 0x00000007fc000000|100%| O|  |TAMS 0x00000007fc000000, 0x00000007fbe00000| Untracked 
|2016|0x00000007fc000000, 0x00000007fc200000, 0x00000007fc200000|100%| O|  |TAMS 0x00000007fc200000, 0x00000007fc000000| Untracked 
|2017|0x00000007fc200000, 0x00000007fc400000, 0x00000007fc400000|100%| O|  |TAMS 0x00000007fc400000, 0x00000007fc200000| Untracked 
|2018|0x00000007fc400000, 0x00000007fc600000, 0x00000007fc600000|100%| O|  |TAMS 0x00000007fc600000, 0x00000007fc400000| Untracked 
|2019|0x00000007fc600000, 0x00000007fc800000, 0x00000007fc800000|100%| O|  |TAMS 0x00000007fc800000, 0x00000007fc600000| Untracked 
|2020|0x00000007fc800000, 0x00000007fca00000, 0x00000007fca00000|100%| O|  |TAMS 0x00000007fca00000, 0x00000007fc800000| Untracked 
|2021|0x00000007fca00000, 0x00000007fcc00000, 0x00000007fcc00000|100%| O|  |TAMS 0x00000007fcc00000, 0x00000007fca00000| Untracked 
|2022|0x00000007fcc00000, 0x00000007fce00000, 0x00000007fce00000|100%| O|  |TAMS 0x00000007fce00000, 0x00000007fcc00000| Untracked 
|2023|0x00000007fce00000, 0x00000007fd000000, 0x00000007fd000000|100%| O|  |TAMS 0x00000007fd000000, 0x00000007fce00000| Untracked 
|2024|0x00000007fd000000, 0x00000007fd200000, 0x00000007fd200000|100%| O|  |TAMS 0x00000007fd200000, 0x00000007fd000000| Untracked 
|2025|0x00000007fd200000, 0x00000007fd400000, 0x00000007fd400000|100%| O|  |TAMS 0x00000007fd400000, 0x00000007fd200000| Untracked 
|2026|0x00000007fd400000, 0x00000007fd600000, 0x00000007fd600000|100%| O|  |TAMS 0x00000007fd600000, 0x00000007fd400000| Untracked 
|2027|0x00000007fd600000, 0x00000007fd800000, 0x00000007fd800000|100%| O|  |TAMS 0x00000007fd800000, 0x00000007fd600000| Untracked 
|2028|0x00000007fd800000, 0x00000007fda00000, 0x00000007fda00000|100%| O|  |TAMS 0x00000007fda00000, 0x00000007fd800000| Untracked 
|2029|0x00000007fda00000, 0x00000007fdc00000, 0x00000007fdc00000|100%| O|  |TAMS 0x00000007fdc00000, 0x00000007fda00000| Untracked 
|2030|0x00000007fdc00000, 0x00000007fde00000, 0x00000007fde00000|100%| O|  |TAMS 0x00000007fde00000, 0x00000007fdc00000| Untracked 
|2031|0x00000007fde00000, 0x00000007fe000000, 0x00000007fe000000|100%| O|  |TAMS 0x00000007fe000000, 0x00000007fde00000| Untracked 
|2032|0x00000007fe000000, 0x00000007fe200000, 0x00000007fe200000|100%| O|  |TAMS 0x00000007fe200000, 0x00000007fe000000| Untracked 
|2033|0x00000007fe200000, 0x00000007fe400000, 0x00000007fe400000|100%| O|  |TAMS 0x00000007fe400000, 0x00000007fe200000| Untracked 
|2034|0x00000007fe400000, 0x00000007fe600000, 0x00000007fe600000|100%| O|  |TAMS 0x00000007fe600000, 0x00000007fe400000| Untracked 
|2035|0x00000007fe600000, 0x00000007fe800000, 0x00000007fe800000|100%| O|  |TAMS 0x00000007fe800000, 0x00000007fe600000| Untracked 
|2036|0x00000007fe800000, 0x00000007fea00000, 0x00000007fea00000|100%| O|  |TAMS 0x00000007fea00000, 0x00000007fe800000| Untracked 
|2037|0x00000007fea00000, 0x00000007fec00000, 0x00000007fec00000|100%| O|  |TAMS 0x00000007fec00000, 0x00000007fea00000| Untracked 
|2038|0x00000007fec00000, 0x00000007fee00000, 0x00000007fee00000|100%| O|  |TAMS 0x00000007fee00000, 0x00000007fec00000| Untracked 
|2039|0x00000007fee00000, 0x00000007ff000000, 0x00000007ff000000|100%| O|  |TAMS 0x00000007ff000000, 0x00000007fee00000| Untracked 
|2040|0x00000007ff000000, 0x00000007ff200000, 0x00000007ff200000|100%| O|  |TAMS 0x00000007ff200000, 0x00000007ff000000| Untracked 
|2041|0x00000007ff200000, 0x00000007ff400000, 0x00000007ff400000|100%| O|  |TAMS 0x00000007ff400000, 0x00000007ff200000| Untracked 
|2042|0x00000007ff400000, 0x00000007ff600000, 0x00000007ff600000|100%| O|  |TAMS 0x00000007ff600000, 0x00000007ff400000| Untracked 
|2043|0x00000007ff600000, 0x00000007ff800000, 0x00000007ff800000|100%| O|  |TAMS 0x00000007ff800000, 0x00000007ff600000| Untracked 
|2044|0x00000007ff800000, 0x00000007ffa00000, 0x00000007ffa00000|100%| O|  |TAMS 0x00000007ffa00000, 0x00000007ff800000| Untracked 
|2045|0x00000007ffa00000, 0x00000007ffc00000, 0x00000007ffc00000|100%| O|  |TAMS 0x00000007ffc00000, 0x00000007ffa00000| Untracked 
|2046|0x00000007ffc00000, 0x00000007ffd75000, 0x00000007ffe00000| 72%|OA|  |TAMS 0x00000007ffd75000, 0x00000007ffc00000| Untracked 
|2047|0x00000007ffe00000, 0x00000007ffe78000, 0x0000000800000000| 23%|CA|  |TAMS 0x00000007ffe78000, 0x00000007ffe00000| Untracked 

Card table byte_map: [0x00007f5650ae8000,0x00007f56512e8000] _byte_map_base: 0x00007f564d2e8000

Marking Bits (Prev, Next): (CMBitMap*) 0x00007f564c045850, (CMBitMap*) 0x00007f564c045810
 Prev Bits: [0x00007f562d511000, 0x00007f5631511000)
 Next Bits: [0x00007f5631511000, 0x00007f5635511000)

Polling page: 0x00007f56538c0000

Metaspace:

Usage:
  Non-class:     95.66 MB used.
      Class:     14.70 MB used.
       Both:    110.35 MB used.

Virtual space:
  Non-class space:      128.00 MB reserved,      96.06 MB ( 75%) committed,  2 nodes.
      Class space:        1.00 GB reserved,      15.06 MB (  1%) committed,  1 nodes.
             Both:        1.12 GB reserved,     111.12 MB ( 10%) committed. 

Chunk freelists:
   Non-Class:  15.30 MB
       Class:  992.00 KB
        Both:  16.27 MB

MaxMetaspaceSize: unlimited
CompressedClassSpaceSize: 1.00 GB
Initial GC threshold: 21.00 MB
Current GC threshold: 184.38 MB
CDS: on
MetaspaceReclaimPolicy: balanced
 - commit_granule_bytes: 65536.
 - commit_granule_words: 8192.
 - virtual_space_node_default_size: 8388608.
 - enlarge_chunks_in_place: 1.
 - new_chunks_are_fully_committed: 0.
 - uncommit_free_chunks: 1.
 - use_allocation_guard: 0.
 - handle_deallocations: 1.


Internal statistics:

num_allocs_failed_limit: 6.
num_arena_births: 1238.
num_arena_deaths: 0.
num_vsnodes_births: 3.
num_vsnodes_deaths: 0.
num_space_committed: 1776.
num_space_uncommitted: 0.
num_chunks_returned_to_freelist: 6.
num_chunks_taken_from_freelist: 5892.
num_chunk_merges: 6.
num_chunk_splits: 3942.
num_chunks_enlarged: 2668.
num_inconsistent_stats: 0.

CodeHeap 'non-profiled nmethods': size=120036Kb used=6818Kb max_used=6818Kb free=113218Kb
 bounds [0x00007f563cfd8000, 0x00007f563d688000, 0x00007f5644511000]
CodeHeap 'profiled nmethods': size=120032Kb used=28349Kb max_used=30228Kb free=91682Kb
 bounds [0x00007f5635511000, 0x00007f56372a1000, 0x00007f563ca49000]
CodeHeap 'non-nmethods': size=5692Kb used=2444Kb max_used=2543Kb free=3247Kb
 bounds [0x00007f563ca49000, 0x00007f563cce9000, 0x00007f563cfd8000]
 total_blobs=16707 nmethods=15732 adapters=887
 compilation: enabled
              stopped_count=0, restarted_count=0
 full_count=0

Compilation events (20 events):
Event: 50.886 Thread 0x00007f564c0b2bd0 20278       2       com.android.tools.r8.utils.structural.z$$Lambda$1604/0x00007f55d0f04650::apply (8 bytes)
Event: 50.886 Thread 0x00007f564c0b2bd0 nmethod 20278 0x00007f56366d4b90 code [0x00007f56366d4d60, 0x00007f56366d5120]
Event: 50.886 Thread 0x00007f564c0b2bd0 20279       2       com.android.tools.r8.utils.structural.z::b (10 bytes)
Event: 50.886 Thread 0x00007f564c0b2bd0 nmethod 20279 0x00007f56361f9410 code [0x00007f56361f95c0, 0x00007f56361f9900]
Event: 50.891 Thread 0x00007f564c0b16a0 nmethod 20250 0x00007f563d67ef90 code [0x00007f563d67f1e0, 0x00007f563d67fe98]
Event: 50.891 Thread 0x00007f564c0b16a0 20185       4       com.android.tools.r8.graph.a1::a (48 bytes)
Event: 50.891 Thread 0x00007f564c0b2bd0 20280       2       com.android.tools.r8.dex.I::a (29 bytes)
Event: 50.891 Thread 0x00007f564c0b2bd0 nmethod 20280 0x00007f56370fe110 code [0x00007f56370fe2c0, 0x00007f56370fe430]
Event: 50.891 Thread 0x00007f564c0b2bd0 20281       2       com.android.tools.r8.graph.B2$g::equals (34 bytes)
Event: 50.891 Thread 0x00007f564c0b2bd0 nmethod 20281 0x00007f563689d710 code [0x00007f563689d8c0, 0x00007f563689dab0]
Event: 50.892 Thread 0x00007f564c0b2bd0 20282       3       com.android.tools.r8.graph.B2$l::equals (52 bytes)
Event: 50.892 Thread 0x00007f564c0b2bd0 nmethod 20282 0x00007f5636135090 code [0x00007f56361352a0, 0x00007f5636135a60]
Event: 50.892 Thread 0x00007f564c0b2bd0 20283       2       com.android.tools.r8.graph.J0$a$$Lambda$1607/0x00007f55d0f04cd0::apply (8 bytes)
Event: 50.892 Thread 0x00007f564c0b2bd0 nmethod 20283 0x00007f5637114e10 code [0x00007f5637114fa0, 0x00007f56371150f0]
Event: 50.893 Thread 0x00007f564c0b2bd0 20284       2       com.android.tools.r8.graph.u2::a (10 bytes)
Event: 50.893 Thread 0x00007f564c0b2bd0 nmethod 20284 0x00007f563714bb10 code [0x00007f563714bcc0, 0x00007f563714be20]
Event: 50.894 Thread 0x00007f564c0b2bd0 20285       2       com.android.tools.r8.utils.structural.z$$Lambda$1605/0x00007f55d0f04890::a (13 bytes)
Event: 50.894 Thread 0x00007f564c0b2bd0 nmethod 20285 0x00007f56368ccd10 code [0x00007f56368ccec0, 0x00007f56368cd0a0]
Event: 50.894 Thread 0x00007f564c0b2bd0 20286       2       com.android.tools.r8.utils.structural.z::a (49 bytes)
Event: 50.894 Thread 0x00007f564c0b2bd0 nmethod 20286 0x00007f5636920a90 code [0x00007f5636920c40, 0x00007f5636920e00]

GC Heap History (20 events):
Event: 28.720 GC heap after
{Heap after GC invocations=41 (full 0):
 garbage-first heap   total 290816K, used 136062K [0x0000000700000000, 0x0000000800000000)
  region size 2048K, 3 young (6144K), 3 survivors (6144K)
 Metaspace       used 89645K, committed 90304K, reserved 1179648K
  class space    used 12199K, committed 12544K, reserved 1048576K
}
Event: 28.916 GC heap before
{Heap before GC invocations=41 (full 0):
 garbage-first heap   total 290816K, used 144254K [0x0000000700000000, 0x0000000800000000)
  region size 2048K, 7 young (14336K), 3 survivors (6144K)
 Metaspace       used 90411K, committed 91136K, reserved 1179648K
  class space    used 12267K, committed 12608K, reserved 1048576K
}
Event: 28.985 GC heap after
{Heap after GC invocations=42 (full 0):
 garbage-first heap   total 290816K, used 137131K [0x0000000700000000, 0x0000000800000000)
  region size 2048K, 1 young (2048K), 1 survivors (2048K)
 Metaspace       used 90411K, committed 91136K, reserved 1179648K
  class space    used 12267K, committed 12608K, reserved 1048576K
}
Event: 30.697 GC heap before
{Heap before GC invocations=42 (full 0):
 garbage-first heap   total 290816K, used 206763K [0x0000000700000000, 0x0000000800000000)
  region size 2048K, 35 young (71680K), 1 survivors (2048K)
 Metaspace       used 93560K, committed 94272K, reserved 1179648K
  class space    used 12516K, committed 12864K, reserved 1048576K
}
Event: 30.715 GC heap after
{Heap after GC invocations=43 (full 0):
 garbage-first heap   total 847872K, used 144321K [0x0000000700000000, 0x0000000800000000)
  region size 2048K, 5 young (10240K), 5 survivors (10240K)
 Metaspace       used 93560K, committed 94272K, reserved 1179648K
  class space    used 12516K, committed 12864K, reserved 1048576K
}
Event: 35.308 GC heap before
{Heap before GC invocations=44 (full 0):
 garbage-first heap   total 573440K, used 326593K [0x0000000700000000, 0x0000000800000000)
  region size 2048K, 101 young (206848K), 5 survivors (10240K)
 Metaspace       used 98402K, committed 99200K, reserved 1179648K
  class space    used 13001K, committed 13376K, reserved 1048576K
}
Event: 35.332 GC heap after
{Heap after GC invocations=45 (full 0):
 garbage-first heap   total 573440K, used 133035K [0x0000000700000000, 0x0000000800000000)
  region size 2048K, 5 young (10240K), 5 survivors (10240K)
 Metaspace       used 98402K, committed 99200K, reserved 1179648K
  class space    used 13001K, committed 13376K, reserved 1048576K
}
Event: 35.920 GC heap before
{Heap before GC invocations=45 (full 0):
 garbage-first heap   total 573440K, used 149419K [0x0000000700000000, 0x0000000800000000)
  region size 2048K, 14 young (28672K), 5 survivors (10240K)
 Metaspace       used 99158K, committed 99904K, reserved 1179648K
  class space    used 13092K, committed 13440K, reserved 1048576K
}
Event: 35.998 GC heap after
{Heap after GC invocations=46 (full 0):
 garbage-first heap   total 573440K, used 130409K [0x0000000700000000, 0x0000000800000000)
  region size 2048K, 1 young (2048K), 1 survivors (2048K)
 Metaspace       used 99158K, committed 99904K, reserved 1179648K
  class space    used 13092K, committed 13440K, reserved 1048576K
}
Event: 37.317 GC heap before
{Heap before GC invocations=46 (full 0):
 garbage-first heap   total 573440K, used 197993K [0x0000000700000000, 0x0000000800000000)
  region size 2048K, 35 young (71680K), 1 survivors (2048K)
 Metaspace       used 99610K, committed 100352K, reserved 1179648K
  class space    used 13143K, committed 13504K, reserved 1048576K
}
Event: 37.326 GC heap after
{Heap after GC invocations=47 (full 0):
 garbage-first heap   total 573440K, used 132631K [0x0000000700000000, 0x0000000800000000)
  region size 2048K, 2 young (4096K), 2 survivors (4096K)
 Metaspace       used 99610K, committed 100352K, reserved 1179648K
  class space    used 13143K, committed 13504K, reserved 1048576K
}
Event: 42.721 GC heap before
{Heap before GC invocations=48 (full 0):
 garbage-first heap   total 540672K, used 491031K [0x0000000700000000, 0x0000000800000000)
  region size 2048K, 162 young (331776K), 2 survivors (4096K)
 Metaspace       used 108074K, committed 108864K, reserved 1179648K
  class space    used 14411K, committed 14784K, reserved 1048576K
}
Event: 43.123 GC heap after
{Heap after GC invocations=49 (full 0):
 garbage-first heap   total 612352K, used 265288K [0x0000000700000000, 0x0000000800000000)
  region size 2048K, 21 young (43008K), 21 survivors (43008K)
 Metaspace       used 108074K, committed 108864K, reserved 1179648K
  class space    used 14411K, committed 14784K, reserved 1048576K
}
Event: 43.190 GC heap before
{Heap before GC invocations=49 (full 0):
 garbage-first heap   total 612352K, used 267336K [0x0000000700000000, 0x0000000800000000)
  region size 2048K, 22 young (45056K), 21 survivors (43008K)
 Metaspace       used 108074K, committed 108864K, reserved 1179648K
  class space    used 14411K, committed 14784K, reserved 1048576K
}
Event: 43.408 GC heap after
{Heap after GC invocations=50 (full 0):
 garbage-first heap   total 612352K, used 257559K [0x0000000700000000, 0x0000000800000000)
  region size 2048K, 1 young (2048K), 1 survivors (2048K)
 Metaspace       used 108074K, committed 108864K, reserved 1179648K
  class space    used 14411K, committed 14784K, reserved 1048576K
}
Event: 46.922 GC heap before
{Heap before GC invocations=50 (full 0):
 garbage-first heap   total 612352K, used 409111K [0x0000000700000000, 0x0000000800000000)
  region size 2048K, 76 young (155648K), 1 survivors (2048K)
 Metaspace       used 112495K, committed 113280K, reserved 1179648K
  class space    used 14993K, committed 15360K, reserved 1048576K
}
Event: 47.017 GC heap after
{Heap after GC invocations=51 (full 0):
 garbage-first heap   total 612352K, used 273794K [0x0000000700000000, 0x0000000800000000)
  region size 2048K, 9 young (18432K), 9 survivors (18432K)
 Metaspace       used 112495K, committed 113280K, reserved 1179648K
  class space    used 14993K, committed 15360K, reserved 1048576K
}
Event: 49.995 GC heap before
{Heap before GC invocations=52 (full 0):
 garbage-first heap   total 612352K, used 355714K [0x0000000700000000, 0x0000000800000000)
  region size 2048K, 52 young (106496K), 9 survivors (18432K)
 Metaspace       used 112703K, committed 113472K, reserved 1179648K
  class space    used 15023K, committed 15360K, reserved 1048576K
}
Event: 50.089 GC heap after
{Heap after GC invocations=53 (full 0):
 garbage-first heap   total 612352K, used 273943K [0x0000000700000000, 0x0000000800000000)
  region size 2048K, 4 young (8192K), 4 survivors (8192K)
 Metaspace       used 112703K, committed 113472K, reserved 1179648K
  class space    used 15023K, committed 15360K, reserved 1048576K
}
Event: 50.896 GC heap before
{Heap before GC invocations=53 (full 0):
 garbage-first heap   total 612352K, used 294423K [0x0000000700000000, 0x0000000800000000)
  region size 2048K, 14 young (28672K), 4 survivors (8192K)
 Metaspace       used 113001K, committed 113792K, reserved 1179648K
  class space    used 15050K, committed 15424K, reserved 1048576K
}

Dll operation events (12 events):
Event: 0.002 Loaded shared library /usr/lib/jvm/java-17-openjdk-amd64/lib/libjava.so
Event: 0.024 Loaded shared library /usr/lib/jvm/java-17-openjdk-amd64/lib/libjsvml.so
Event: 0.094 Loaded shared library /usr/lib/jvm/java-17-openjdk-amd64/lib/libnio.so
Event: 0.097 Loaded shared library /usr/lib/jvm/java-17-openjdk-amd64/lib/libzip.so
Event: 0.230 Loaded shared library /usr/lib/jvm/java-17-openjdk-amd64/lib/libjimage.so
Event: 0.386 Loaded shared library /usr/lib/jvm/java-17-openjdk-amd64/lib/libverify.so
Event: 0.621 Loaded shared library /usr/lib/jvm/java-17-openjdk-amd64/lib/libnet.so
Event: 0.624 Loaded shared library /root/.gradle/native/68d5fa5c4cc2d200863cafc0d521ce42e7d3e7ee720ec0a83991735586a16f82/linux-amd64/libnative-platform.so
Event: 0.628 Loaded shared library /root/.gradle/native/e376f236ea51e6404a007f0833ffe2c6e607c4080706a723a18a27aeea778392/linux-amd64/libnative-platform-file-events.so
Event: 1.589 Loaded shared library /usr/lib/jvm/java-17-openjdk-amd64/lib/libmanagement.so
Event: 1.590 Loaded shared library /usr/lib/jvm/java-17-openjdk-amd64/lib/libmanagement_ext.so
Event: 1.817 Loaded shared library /usr/lib/jvm/java-17-openjdk-amd64/lib/libextnet.so

Deoptimization events (20 events):
Event: 50.812 Thread 0x00007f5624129d70 Uncommon trap: trap_request=0xffffffc6 fr.pc=0x00007f563d59ab94 relative=0x0000000000000254
Event: 50.812 Thread 0x00007f5624129d70 Uncommon trap: reason=bimorphic_or_optimized_type_check action=maybe_recompile pc=0x00007f563d59ab94 method=java.util.function.Function.lambda$andThen$1(Ljava/util/function/Function;Ljava/lang/Object;)Ljava/lang/Object; @ 8 c2
Event: 50.812 Thread 0x00007f5624129d70 DEOPT PACKING pc=0x00007f563d59ab94 sp=0x00007f55cd0de2f0
Event: 50.812 Thread 0x00007f5624129d70 DEOPT UNPACKING pc=0x00007f563caa2b19 sp=0x00007f55cd0de238 mode 2
Event: 50.812 Thread 0x00007f5624129d70 Uncommon trap: trap_request=0xffffffc6 fr.pc=0x00007f563d59ab94 relative=0x0000000000000254
Event: 50.812 Thread 0x00007f5624129d70 Uncommon trap: reason=bimorphic_or_optimized_type_check action=maybe_recompile pc=0x00007f563d59ab94 method=java.util.function.Function.lambda$andThen$1(Ljava/util/function/Function;Ljava/lang/Object;)Ljava/lang/Object; @ 8 c2
Event: 50.812 Thread 0x00007f5624129d70 DEOPT PACKING pc=0x00007f563d59ab94 sp=0x00007f55cd0de300
Event: 50.812 Thread 0x00007f5624129d70 DEOPT UNPACKING pc=0x00007f563caa2b19 sp=0x00007f55cd0de248 mode 2
Event: 50.812 Thread 0x00007f5624129d70 Uncommon trap: trap_request=0xffffffbe fr.pc=0x00007f563d59f830 relative=0x0000000000000950
Event: 50.812 Thread 0x00007f5624129d70 Uncommon trap: reason=profile_predicate action=maybe_recompile pc=0x00007f563d59f830 method=com.android.tools.r8.utils.structural.c.a(Ljava/util/Iterator;Ljava/util/Iterator;Lcom/android/tools/r8/utils/structural/v;)I @ 5 c2
Event: 50.812 Thread 0x00007f5624129d70 DEOPT PACKING pc=0x00007f563d59f830 sp=0x00007f55cd0de2d0
Event: 50.812 Thread 0x00007f5624129d70 DEOPT UNPACKING pc=0x00007f563caa2b19 sp=0x00007f55cd0de2b8 mode 2
Event: 50.812 Thread 0x00007f5624129d70 Uncommon trap: trap_request=0xffffffbe fr.pc=0x00007f563d59f830 relative=0x0000000000000950
Event: 50.812 Thread 0x00007f5624129d70 Uncommon trap: reason=profile_predicate action=maybe_recompile pc=0x00007f563d59f830 method=com.android.tools.r8.utils.structural.c.a(Ljava/util/Iterator;Ljava/util/Iterator;Lcom/android/tools/r8/utils/structural/v;)I @ 5 c2
Event: 50.812 Thread 0x00007f5624129d70 DEOPT PACKING pc=0x00007f563d59f830 sp=0x00007f55cd0de2c0
Event: 50.812 Thread 0x00007f5624129d70 DEOPT UNPACKING pc=0x00007f563caa2b19 sp=0x00007f55cd0de288 mode 2
Event: 50.813 Thread 0x00007f5624129d70 Uncommon trap: trap_request=0xffffffbe fr.pc=0x00007f563d59f830 relative=0x0000000000000950
Event: 50.813 Thread 0x00007f5624129d70 Uncommon trap: reason=profile_predicate action=maybe_recompile pc=0x00007f563d59f830 method=com.android.tools.r8.utils.structural.c.a(Ljava/util/Iterator;Ljava/util/Iterator;Lcom/android/tools/r8/utils/structural/v;)I @ 5 c2
Event: 50.813 Thread 0x00007f5624129d70 DEOPT PACKING pc=0x00007f563d59f830 sp=0x00007f55cd0de2d0
Event: 50.813 Thread 0x00007f5624129d70 DEOPT UNPACKING pc=0x00007f563caa2b19 sp=0x00007f55cd0de298 mode 2

Classes loaded (20 events):
Event: 41.113 Loading class java/nio/file/TempFileHelper
Event: 41.113 Loading class java/nio/file/TempFileHelper done
Event: 41.113 Loading class sun/nio/fs/LinuxFileSystem$SupportedFileFileAttributeViewsHolder
Event: 41.113 Loading class sun/nio/fs/LinuxFileSystem$SupportedFileFileAttributeViewsHolder done
Event: 41.113 Loading class java/nio/file/TempFileHelper$PosixPermissions
Event: 41.113 Loading class java/nio/file/TempFileHelper$PosixPermissions done
Event: 41.115 Loading class sun/nio/fs/UnixFileModeAttribute$1
Event: 41.115 Loading class sun/nio/fs/UnixFileModeAttribute$1 done
Event: 43.523 Loading class java/util/concurrent/ConcurrentLinkedQueue$Itr
Event: 43.524 Loading class java/util/concurrent/ConcurrentLinkedQueue$Itr done
Event: 43.731 Loading class java/util/IdentityHashMap$EntrySet
Event: 43.731 Loading class java/util/IdentityHashMap$EntrySet done
Event: 43.796 Loading class java/util/concurrent/ForkJoinTask$AdaptedCallable
Event: 43.797 Loading class java/util/concurrent/ForkJoinTask$AdaptedCallable done
Event: 44.516 Loading class java/util/IdentityHashMap$ValueIterator
Event: 44.516 Loading class java/util/IdentityHashMap$ValueIterator done
Event: 50.525 Loading class java/util/IdentityHashMap$EntryIterator
Event: 50.526 Loading class java/util/IdentityHashMap$EntryIterator done
Event: 50.592 Loading class java/util/IdentityHashMap$EntryIterator$Entry
Event: 50.592 Loading class java/util/IdentityHashMap$EntryIterator$Entry done

Classes unloaded (0 events):
No events

Classes redefined (0 events):
No events

Internal exceptions (20 events):
Event: 40.318 Thread 0x00007f5624129d70 Exception <a 'java/lang/NoSuchMethodError'{0x00000007157714d8}: 'long java.lang.invoke.DirectMethodHandle$Holder.invokeStatic(java.lang.Object, java.lang.Object, java.lang.Object)'> (0x00000007157714d8) 
thrown [./src/hotspot/share/interpreter/linkResolver.cpp, line 758]
Event: 40.500 Thread 0x00007f5624129d70 Exception <a 'java/lang/IncompatibleClassChangeError'{0x00000007150a2ef8}: Found class java.lang.Object, but interface was expected> (0x00000007150a2ef8) 
thrown [./src/hotspot/share/interpreter/linkResolver.cpp, line 826]
Event: 40.501 Thread 0x00007f5624129d70 Exception <a 'java/lang/IncompatibleClassChangeError'{0x00000007150aa138}: Found class java.lang.Object, but interface was expected> (0x00000007150aa138) 
thrown [./src/hotspot/share/interpreter/linkResolver.cpp, line 826]
Event: 40.906 Thread 0x00007f56195c5f60 Exception <a 'java/io/IOException'{0x00000007146b2d10}> (0x00000007146b2d10) 
thrown [./src/hotspot/share/prims/jni.cpp, line 516]
Event: 41.120 Thread 0x00007f55b4b11580 Exception <a 'java/lang/NoSuchMethodError'{0x00000007141a3258}: static [Ljava/lang/String;.<clinit>()V> (0x00000007141a3258) 
thrown [./src/hotspot/share/prims/jni.cpp, line 1112]
Event: 41.124 Thread 0x00007f55b4b11580 Exception <a 'java/lang/NoSuchMethodError'{0x00000007141e7150}: static Lorg/jetbrains/kotlin/incremental/ChangedFiles$Unknown;.<clinit>()V> (0x00000007141e7150) 
thrown [./src/hotspot/share/prims/jni.cpp, line 1112]
Event: 41.133 Thread 0x00007f55b4b11580 Exception <a 'java/lang/NoSuchMethodError'{0x0000000713f91378}: static Lorg/jetbrains/kotlin/incremental/ClasspathChanges$ClasspathSnapshotEnabled$NotAvailableForNonIncrementalRun;.<clinit>()V> (0x0000000713f91378) 
thrown [./src/hotspot/share/prims/jni.cpp, line 1112]
Event: 41.133 Thread 0x00007f55b4b11580 Exception <a 'java/lang/NoSuchMethodError'{0x0000000713f933b0}: static Lorg/jetbrains/kotlin/incremental/ClasspathChanges$ClasspathSnapshotEnabled;.<clinit>()V> (0x0000000713f933b0) 
thrown [./src/hotspot/share/prims/jni.cpp, line 1112]
Event: 41.133 Thread 0x00007f55b4b11580 Exception <a 'java/lang/NoSuchMethodError'{0x0000000713f95248}: static Lorg/jetbrains/kotlin/incremental/ClasspathChanges;.<clinit>()V> (0x0000000713f95248) 
thrown [./src/hotspot/share/prims/jni.cpp, line 1112]
Event: 43.794 Thread 0x00007f55b80669f0 Exception <a 'java/lang/NoSuchMethodError'{0x000000071f9cb398}: 'void java.lang.invoke.DirectMethodHandle$Holder.invokeStatic(java.lang.Object, java.lang.Object, java.lang.Object, int)'> (0x000000071f9cb398) 
thrown [./src/hotspot/share/interpreter/linkResolver.cpp, line 758]
Event: 43.795 Thread 0x00007f55b80669f0 Exception <a 'java/lang/IncompatibleClassChangeError'{0x000000071f9d6698}: Found class java.lang.Object, but interface was expected> (0x000000071f9d6698) 
thrown [./src/hotspot/share/interpreter/linkResolver.cpp, line 826]
Event: 43.795 Thread 0x00007f55b80669f0 Exception <a 'java/lang/NoSuchMethodError'{0x000000071f9dc6d0}: 'void java.lang.invoke.DirectMethodHandle$Holder.invokeInterface(java.lang.Object, java.lang.Object, java.lang.Object, int)'> (0x000000071f9dc6d0) 
thrown [./src/hotspot/share/interpreter/linkResolver.cpp, line 758]
Event: 44.519 Thread 0x00007f55b80669f0 Exception <a 'java/lang/IncompatibleClassChangeError'{0x000000071defe710}: Found class java.lang.Object, but interface was expected> (0x000000071defe710) 
thrown [./src/hotspot/share/interpreter/linkResolver.cpp, line 826]
Event: 44.598 Thread 0x00007f55b80669f0 Exception <a 'java/lang/NoSuchMethodError'{0x000000071dfd9258}: 'java.lang.Object java.lang.invoke.DirectMethodHandle$Holder.newInvokeSpecial(java.lang.Object, java.lang.Object, int, java.lang.Object, java.lang.Object, java.lang.Object)'> (0x000000071dfd9258) 
thrown [./src/hotspot/share/interpreter/linkResolver.cpp, line 758]
Event: 44.598 Thread 0x00007f55b80669f0 Exception <a 'java/lang/NoSuchMethodError'{0x000000071dfe0d18}: 'java.lang.Object java.lang.invoke.Invokers$Holder.linkToTargetMethod(java.lang.Object, int, java.lang.Object, java.lang.Object, java.lang.Object, java.lang.Object)'> (0x000000071dfe0d18) 
thrown [./src/hotspot/share/interpreter/linkResolver.cpp, line 758]
Event: 44.599 Thread 0x00007f55b80669f0 Exception <a 'java/lang/NoSuchMethodError'{0x000000071dfee498}: 'java.lang.Object java.lang.invoke.DirectMethodHandle$Holder.newInvokeSpecial(java.lang.Object, int, java.lang.Object, java.lang.Object)'> (0x000000071dfee498) 
thrown [./src/hotspot/share/interpreter/linkResolver.cpp, line 758]
Event: 44.600 Thread 0x00007f55b80669f0 Exception <a 'java/lang/NoSuchMethodError'{0x000000071dff2588}: 'java.lang.Object java.lang.invoke.DirectMethodHandle$Holder.invokeSpecial(java.lang.Object, java.lang.Object, int, java.lang.Object, java.lang.Object)'> (0x000000071dff2588) 
thrown [./src/hotspot/share/interpreter/linkResolver.cpp, line 758]
Event: 44.836 Thread 0x00007f55b80669f0 Exception <a 'java/lang/NoSuchMethodError'{0x000000071dba43c8}: 'void java.lang.invoke.DirectMethodHandle$Holder.invokeStatic(java.lang.Object, java.lang.Object, java.lang.Object, java.lang.Object, java.lang.Object, java.lang.Object, java.lang.Object, java.lang.Object)'> (0x000000071dba43c8) 
thrown [./src/hotspot/share/interpreter/linkResolver.cpp, line 758]
Event: 45.906 Thread 0x00007f56195c5f60 Exception <a 'java/io/IOException'{0x00000007196ceee0}> (0x00000007196ceee0) 
thrown [./src/hotspot/share/prims/jni.cpp, line 516]
Event: 49.011 Thread 0x00007f55b80669f0 Exception <a 'java/lang/IncompatibleClassChangeError'{0x000000071d93a8e8}: Found class java.lang.Object, but interface was expected> (0x000000071d93a8e8) 
thrown [./src/hotspot/share/interpreter/linkResolver.cpp, line 826]

VM Operations (20 events):
Event: 48.996 Executing VM operation: G1PauseCleanup done
Event: 49.013 Executing VM operation: HandshakeAllThreads
Event: 49.013 Executing VM operation: HandshakeAllThreads done
Event: 49.234 Executing VM operation: HandshakeAllThreads
Event: 49.234 Executing VM operation: HandshakeAllThreads done
Event: 49.508 Executing VM operation: HandshakeAllThreads
Event: 49.509 Executing VM operation: HandshakeAllThreads done
Event: 49.594 Executing VM operation: HandshakeAllThreads
Event: 49.595 Executing VM operation: HandshakeAllThreads done
Event: 49.722 Executing VM operation: ICBufferFull
Event: 49.722 Executing VM operation: ICBufferFull done
Event: 49.995 Executing VM operation: G1CollectForAllocation
Event: 50.089 Executing VM operation: G1CollectForAllocation done
Event: 50.524 Executing VM operation: HandshakeAllThreads
Event: 50.524 Executing VM operation: HandshakeAllThreads done
Event: 50.802 Executing VM operation: HandshakeAllThreads
Event: 50.802 Executing VM operation: HandshakeAllThreads done
Event: 50.806 Executing VM operation: HandshakeAllThreads
Event: 50.806 Executing VM operation: HandshakeAllThreads done
Event: 50.895 Executing VM operation: G1CollectForAllocation

Memory protections (20 events):
Event: 8.634 Protecting memory [0x00007f55ce0f2000,0x00007f55ce0f6000] with protection modes 0
Event: 8.685 Protecting memory [0x00007f55cdff1000,0x00007f55cdff5000] with protection modes 0
Event: 8.685 Protecting memory [0x00007f55cdef0000,0x00007f55cdef4000] with protection modes 0
Event: 8.694 Protecting memory [0x00007f55cddef000,0x00007f55cddf3000] with protection modes 0
Event: 8.702 Protecting memory [0x00007f55cdcee000,0x00007f55cdcf2000] with protection modes 0
Event: 10.915 Protecting memory [0x00007f55cdbed000,0x00007f55cdbf1000] with protection modes 0
Event: 12.733 Protecting memory [0x00007f55cdaec000,0x00007f55cdaf0000] with protection modes 0
Event: 13.010 Protecting memory [0x00007f55cd9eb000,0x00007f55cd9ef000] with protection modes 0
Event: 19.499 Protecting memory [0x00007f55cd8ea000,0x00007f55cd8ee000] with protection modes 0
Event: 19.512 Protecting memory [0x00007f55cd7e9000,0x00007f55cd7ed000] with protection modes 0
Event: 19.585 Protecting memory [0x00007f55cd6e8000,0x00007f55cd6ec000] with protection modes 0
Event: 22.207 Protecting memory [0x00007f55cd5e7000,0x00007f55cd5eb000] with protection modes 0
Event: 28.192 Protecting memory [0x00007f55cd4e6000,0x00007f55cd4ea000] with protection modes 0
Event: 35.623 Protecting memory [0x00007f55cd3e5000,0x00007f55cd3e9000] with protection modes 0
Event: 35.716 Protecting memory [0x00007f562c073000,0x00007f562c077000] with protection modes 0
Event: 35.721 Protecting memory [0x00007f55cd2e4000,0x00007f55cd2e8000] with protection modes 0
Event: 35.725 Protecting memory [0x00007f55cd1e3000,0x00007f55cd1e7000] with protection modes 0
Event: 37.304 Protecting memory [0x00007f55cd0e2000,0x00007f55cd0e6000] with protection modes 0
Event: 40.212 Protecting memory [0x00007f55ccfe1000,0x00007f55ccfe5000] with protection modes 0
Event: 40.223 Protecting memory [0x00007f55ccee0000,0x00007f55ccee4000] with protection modes 0

Nmethod flushes (20 events):
Event: 49.011 Thread 0x00007f564c0b4040 flushing  nmethod 0x00007f5637244590
Event: 49.011 Thread 0x00007f564c0b4040 flushing  nmethod 0x00007f5637245090
Event: 49.011 Thread 0x00007f564c0b4040 flushing  nmethod 0x00007f5637252e90
Event: 49.011 Thread 0x00007f564c0b4040 flushing  nmethod 0x00007f5637254810
Event: 49.011 Thread 0x00007f564c0b4040 flushing  nmethod 0x00007f563725c290
Event: 49.011 Thread 0x00007f564c0b4040 flushing  nmethod 0x00007f563725e390
Event: 49.011 Thread 0x00007f564c0b4040 flushing  nmethod 0x00007f563725e910
Event: 49.011 Thread 0x00007f564c0b4040 flushing  nmethod 0x00007f563725ef10
Event: 49.011 Thread 0x00007f564c0b4040 flushing  nmethod 0x00007f5637260a10
Event: 49.011 Thread 0x00007f564c0b4040 flushing  nmethod 0x00007f5637265b90
Event: 49.011 Thread 0x00007f564c0b4040 flushing  nmethod 0x00007f5637266010
Event: 49.011 Thread 0x00007f564c0b4040 flushing  nmethod 0x00007f5637266c10
Event: 49.011 Thread 0x00007f564c0b4040 flushing  nmethod 0x00007f563726b190
Event: 49.011 Thread 0x00007f564c0b4040 flushing  nmethod 0x00007f563726b610
Event: 49.011 Thread 0x00007f564c0b4040 flushing  nmethod 0x00007f563726c290
Event: 49.013 Thread 0x00007f564c0b4040 flushing  nmethod 0x00007f5637272b10
Event: 49.013 Thread 0x00007f564c0b4040 flushing  nmethod 0x00007f5637274a10
Event: 49.013 Thread 0x00007f564c0b4040 flushing  nmethod 0x00007f5637275010
Event: 49.013 Thread 0x00007f564c0b4040 flushing  nmethod 0x00007f5637275390
Event: 49.013 Thread 0x00007f564c0b4040 flushing  nmethod 0x00007f5637275a90

Events (20 events):
Event: 8.684 Thread 0x00007f55c000c090 Thread added: 0x00007f5618eaec60
Event: 8.685 Thread 0x00007f55c000c090 Thread added: 0x00007f5618eb0470
Event: 8.694 Thread 0x00007f55c000c090 Thread added: 0x00007f5618eb1610
Event: 8.694 Thread 0x00007f55c000c090 Thread added: 0x00007f5618eb25d0
Event: 10.906 Thread 0x00007f55c000c090 Thread added: 0x00007f56195c5f60
Event: 12.723 Thread 0x00007f55c000c090 Thread added: 0x00007f56197b85a0
Event: 13.000 Thread 0x00007f55c000c090 Thread added: 0x00007f561982aed0
Event: 19.499 Thread 0x00007f55c000c090 Thread added: 0x00007f561a0f7c30
Event: 19.503 Thread 0x00007f561a0f7c30 Thread added: 0x00007f55b4b11580
Event: 19.526 Thread 0x00007f561a0f7c30 Thread added: 0x00007f55b4d1a1b0
Event: 22.205 Thread 0x00007f55b4b11580 Thread added: 0x00007f55b01af5c0
Event: 28.134 Thread 0x00007f55b4b11580 Thread added: 0x00007f55b0238810
Event: 35.621 Thread 0x00007f55b0238810 Thread added: 0x00007f55c4135400
Event: 35.716 Thread 0x00007f55b0238810 Thread added: 0x00007f55c41374c0
Event: 35.721 Thread 0x00007f55b0238810 Thread added: 0x00007f55c4139740
Event: 35.723 Thread 0x00007f55b0238810 Thread added: 0x00007f55c413aca0
Event: 37.304 Thread 0x00007f55b01af5c0 Thread added: 0x00007f55b80669f0
Event: 40.210 Thread 0x00007f55b80669f0 Thread added: 0x00007f5624129d70
Event: 40.223 Thread 0x00007f5624129d70 Thread added: 0x00007f56200090e0
Event: 41.100 Thread 0x00007f55b0238810 Thread exited: 0x00007f55b0238810


Dynamic libraries:
700000000-733800000 rw-p 00000000 00:00 0 
764a00000-7fb600000 ---p 00000000 00:00 0 
7fb600000-7ffd00000 rw-p 00000000 00:00 0 
7ffd00000-7ffd75000 rw-p 00c7a000 00:25 13853                            /usr/lib/jvm/java-17-openjdk-amd64/lib/server/classes.jsa
7ffd75000-7ffe00000 rw-p 00000000 00:00 0 
7ffe00000-7ffe78000 rw-p 00c02000 00:25 13853                            /usr/lib/jvm/java-17-openjdk-amd64/lib/server/classes.jsa
7ffe78000-800000000 rw-p 00000000 00:00 0 
55e6b689d000-55e6b689e000 r--p 00000000 00:25 13495                      /usr/lib/jvm/java-17-openjdk-amd64/bin/java
55e6b689e000-55e6b689f000 r-xp 00001000 00:25 13495                      /usr/lib/jvm/java-17-openjdk-amd64/bin/java
55e6b689f000-55e6b68a0000 r--p 00002000 00:25 13495                      /usr/lib/jvm/java-17-openjdk-amd64/bin/java
55e6b68a0000-55e6b68a1000 r--p 00002000 00:25 13495                      /usr/lib/jvm/java-17-openjdk-amd64/bin/java
55e6b68a1000-55e6b68a2000 rw-p 00003000 00:25 13495                      /usr/lib/jvm/java-17-openjdk-amd64/bin/java
55e6b7885000-55e6b78ee000 rw-p 00000000 00:00 0                          [heap]
7f559c000000-7f559c3b1000 rw-p 00000000 00:00 0 
7f559c3b1000-7f55a0000000 ---p 00000000 00:00 0 
7f55a4000000-7f55a4100000 rw-p 00000000 00:00 0 
7f55a4100000-7f55a4200000 rw-p 00000000 00:00 0 
7f55a4200000-7f55a4980000 rw-p 00000000 00:00 0 
7f55a4980000-7f55a4b00000 rw-p 00000000 00:00 0 
7f55a4b00000-7f55a4c00000 rw-p 00000000 00:00 0 
7f55a4c00000-7f55a5500000 rw-p 00000000 00:00 0 
7f55a5500000-7f55a5550000 rw-p 00000000 00:00 0 
7f55a5550000-7f55a5600000 ---p 00000000 00:00 0 
7f55a5600000-7f55a60c0000 rw-p 00000000 00:00 0 
7f55a60c0000-7f55a8000000 ---p 00000000 00:00 0 
7f55a8000000-7f55a8f31000 rw-p 00000000 00:00 0 
7f55a8f31000-7f55ac000000 ---p 00000000 00:00 0 
7f55ac000000-7f55ac036000 rw-p 00000000 00:00 0 
7f55ac036000-7f55b0000000 ---p 00000000 00:00 0 
7f55b0000000-7f55b0486000 rw-p 00000000 00:00 0 
7f55b0486000-7f55b4000000 ---p 00000000 00:00 0 
7f55b4000000-7f55b7ff9000 rw-p 00000000 00:00 0 
7f55b7ff9000-7f55b8000000 ---p 00000000 00:00 0 
7f55b8000000-7f55b8084000 rw-p 00000000 00:00 0 
7f55b8084000-7f55bc000000 ---p 00000000 00:00 0 
7f55bc000000-7f55bc075000 rw-p 00000000 00:00 0 
7f55bc075000-7f55c0000000 ---p 00000000 00:00 0 
7f55c0000000-7f55c003c000 rw-p 00000000 00:00 0 
7f55c003c000-7f55c4000000 ---p 00000000 00:00 0 
7f55c4000000-7f55c417b000 rw-p 00000000 00:00 0 
7f55c417b000-7f55c8000000 ---p 00000000 00:00 0 
7f55c8000000-7f55c85dc000 rw-p 00000000 00:00 0 
7f55c85dc000-7f55cc000000 ---p 00000000 00:00 0 
7f55ccedf000-7f55ccee0000 ---p 00000000 00:00 0 
7f55ccee0000-7f55ccee4000 ---p 00000000 00:00 0 
7f55ccee4000-7f55ccfe0000 rw-p 00000000 00:00 0 
7f55ccfe0000-7f55ccfe1000 ---p 00000000 00:00 0 
7f55ccfe1000-7f55ccfe5000 ---p 00000000 00:00 0 
7f55ccfe5000-7f55cd0e1000 rw-p 00000000 00:00 0 
7f55cd0e1000-7f55cd0e2000 ---p 00000000 00:00 0 
7f55cd0e2000-7f55cd0e6000 ---p 00000000 00:00 0 
7f55cd0e6000-7f55cd1e2000 rw-p 00000000 00:00 0 
7f55cd1e2000-7f55cd1e3000 ---p 00000000 00:00 0 
7f55cd1e3000-7f55cd1e7000 ---p 00000000 00:00 0 
7f55cd1e7000-7f55cd2e3000 rw-p 00000000 00:00 0 
7f55cd2e3000-7f55cd2e4000 ---p 00000000 00:00 0 
7f55cd2e4000-7f55cd2e8000 ---p 00000000 00:00 0 
7f55cd2e8000-7f55cd3e4000 rw-p 00000000 00:00 0 
7f55cd3e4000-7f55cd3e5000 ---p 00000000 00:00 0 
7f55cd3e5000-7f55cd3e9000 ---p 00000000 00:00 0 
7f55cd3e9000-7f55cd4e5000 rw-p 00000000 00:00 0 
7f55cd4e5000-7f55cd4e6000 ---p 00000000 00:00 0 
7f55cd4e6000-7f55cd4ea000 ---p 00000000 00:00 0 
7f55cd4ea000-7f55cd5e6000 rw-p 00000000 00:00 0 
7f55cd5e6000-7f55cd5e7000 ---p 00000000 00:00 0 
7f55cd5e7000-7f55cd5eb000 ---p 00000000 00:00 0 
7f55cd5eb000-7f55cd6e7000 rw-p 00000000 00:00 0 
7f55cd6e7000-7f55cd6e8000 ---p 00000000 00:00 0 
7f55cd6e8000-7f55cd6ec000 ---p 00000000 00:00 0 
7f55cd6ec000-7f55cd7e8000 rw-p 00000000 00:00 0 
7f55cd7e8000-7f55cd7e9000 ---p 00000000 00:00 0 
7f55cd7e9000-7f55cd7ed000 ---p 00000000 00:00 0 
7f55cd7ed000-7f55cd8e9000 rw-p 00000000 00:00 0 
7f55cd8e9000-7f55cd8ea000 ---p 00000000 00:00 0 
7f55cd8ea000-7f55cd8ee000 ---p 00000000 00:00 0 
7f55cd8ee000-7f55cd9ea000 rw-p 00000000 00:00 0 
7f55cd9ea000-7f55cd9eb000 ---p 00000000 00:00 0 
7f55cd9eb000-7f55cd9ef000 ---p 00000000 00:00 0 
7f55cd9ef000-7f55cdaeb000 rw-p 00000000 00:00 0 
7f55cdaeb000-7f55cdaec000 ---p 00000000 00:00 0 
7f55cdaec000-7f55cdaf0000 ---p 00000000 00:00 0 
7f55cdaf0000-7f55cdbec000 rw-p 00000000 00:00 0 
7f55cdbec000-7f55cdbed000 ---p 00000000 00:00 0 
7f55cdbed000-7f55cdbf1000 ---p 00000000 00:00 0 
7f55cdbf1000-7f55cdced000 rw-p 00000000 00:00 0 
7f55cdced000-7f55cdcee000 ---p 00000000 00:00 0 
7f55cdcee000-7f55cdcf2000 ---p 00000000 00:00 0 
7f55cdcf2000-7f55cddee000 rw-p 00000000 00:00 0 
7f55cddee000-7f55cddef000 ---p 00000000 00:00 0 
7f55cddef000-7f55cddf3000 ---p 00000000 00:00 0 
7f55cddf3000-7f55cdeef000 rw-p 00000000 00:00 0 
7f55cdeef000-7f55cdef0000 ---p 00000000 00:00 0 
7f55cdef0000-7f55cdef4000 ---p 00000000 00:00 0 
7f55cdef4000-7f55cdff0000 rw-p 00000000 00:00 0 
7f55cdff0000-7f55cdff1000 ---p 00000000 00:00 0 
7f55cdff1000-7f55cdff5000 ---p 00000000 00:00 0 
7f55cdff5000-7f55ce0f1000 rw-p 00000000 00:00 0 
7f55ce0f1000-7f55ce0f2000 ---p 00000000 00:00 0 
7f55ce0f2000-7f55ce0f6000 ---p 00000000 00:00 0 
7f55ce0f6000-7f55ce1f2000 rw-p 00000000 00:00 0 
7f55ce1f2000-7f55ce1f3000 ---p 00000000 00:00 0 
7f55ce1f3000-7f55ce1f7000 ---p 00000000 00:00 0 
7f55ce1f7000-7f55ce2f3000 rw-p 00000000 00:00 0 
7f55ce2f3000-7f55ce2f4000 ---p 00000000 00:00 0 
7f55ce2f4000-7f55ce2f8000 ---p 00000000 00:00 0 
7f55ce2f8000-7f55ce3f4000 rw-p 00000000 00:00 0 
7f55ce3f4000-7f55ce3f5000 ---p 00000000 00:00 0 
7f55ce3f5000-7f55ce3f9000 ---p 00000000 00:00 0 
7f55ce3f9000-7f55ce4f5000 rw-p 00000000 00:00 0 
7f55ce4f5000-7f55ce4f6000 ---p 00000000 00:00 0 
7f55ce4f6000-7f55ce4fa000 ---p 00000000 00:00 0 
7f55ce4fa000-7f55ce5f6000 rw-p 00000000 00:00 0 
7f55ce5f6000-7f55ce5f7000 ---p 00000000 00:00 0 
7f55ce5f7000-7f55ce5fb000 ---p 00000000 00:00 0 
7f55ce5fb000-7f55ce6f7000 rw-p 00000000 00:00 0 
7f55ce6f7000-7f55ce6f8000 ---p 00000000 00:00 0 
7f55ce6f8000-7f55ce6fc000 ---p 00000000 00:00 0 
7f55ce6fc000-7f55ce7f8000 rw-p 00000000 00:00 0 
7f55ce7f8000-7f55ce7f9000 ---p 00000000 00:00 0 
7f55ce7f9000-7f55ce7fd000 ---p 00000000 00:00 0 
7f55ce7fd000-7f55ce8f9000 rw-p 00000000 00:00 0 
7f55ce8f9000-7f55ce8fa000 ---p 00000000 00:00 0 
7f55ce8fa000-7f55ce8fe000 ---p 00000000 00:00 0 
7f55ce8fe000-7f55ce9fa000 rw-p 00000000 00:00 0 
7f55ce9fa000-7f55ce9fb000 ---p 00000000 00:00 0 
7f55ce9fb000-7f55ce9ff000 ---p 00000000 00:00 0 
7f55ce9ff000-7f55ceafb000 rw-p 00000000 00:00 0 
7f55ceafb000-7f55ceafc000 ---p 00000000 00:00 0 
7f55ceafc000-7f55ceb00000 ---p 00000000 00:00 0 
7f55ceb00000-7f55cebfc000 rw-p 00000000 00:00 0 
7f55cebfc000-7f55cebfd000 ---p 00000000 00:00 0 
7f55cebfd000-7f55cec01000 ---p 00000000 00:00 0 
7f55cec01000-7f55cecfd000 rw-p 00000000 00:00 0 
7f55cecfd000-7f55cecfe000 ---p 00000000 00:00 0 
7f55cecfe000-7f55ced02000 ---p 00000000 00:00 0 
7f55ced02000-7f55cedfe000 rw-p 00000000 00:00 0 
7f55cedfe000-7f55cedff000 ---p 00000000 00:00 0 
7f55cedff000-7f55cee03000 ---p 00000000 00:00 0 
7f55cee03000-7f55ceeff000 rw-p 00000000 00:00 0 
7f55ceeff000-7f55cef00000 ---p 00000000 00:00 0 
7f55cef00000-7f55cef04000 ---p 00000000 00:00 0 
7f55cef04000-7f55cf000000 rw-p 00000000 00:00 0 
7f55cf000000-7f55cf455000 rw-p 00001000 00:25 13853                      /usr/lib/jvm/java-17-openjdk-amd64/lib/server/classes.jsa
7f55cf455000-7f55cfbca000 rw-p 00456000 00:25 13853                      /usr/lib/jvm/java-17-openjdk-amd64/lib/server/classes.jsa
7f55cfbca000-7f55d0000000 ---p 00000000 00:00 0 
7f55d0000000-7f55d0040000 rw-p 00000000 00:00 0 
7f55d0040000-7f55d0080000 rw-p 00000000 00:00 0 
7f55d0080000-7f55d0140000 rw-p 00000000 00:00 0 
7f55d0140000-7f55d0400000 rw-p 00000000 00:00 0 
7f55d0400000-7f55d06c0000 rw-p 00000000 00:00 0 
7f55d06c0000-7f55d0700000 rw-p 00000000 00:00 0 
7f55d0700000-7f55d09e0000 rw-p 00000000 00:00 0 
7f55d09e0000-7f55d0a00000 rw-p 00000000 00:00 0 
7f55d0a00000-7f55d0ac0000 rw-p 00000000 00:00 0 
7f55d0ac0000-7f55d0b00000 rw-p 00000000 00:00 0 
7f55d0b00000-7f55d0f10000 rw-p 00000000 00:00 0 
7f55d0f10000-7f5610000000 ---p 00000000 00:00 0 
7f5610000000-7f5610021000 rw-p 00000000 00:00 0 
7f5610021000-7f5614000000 ---p 00000000 00:00 0 
7f5614000000-7f5614400000 rw-p 00000000 00:00 0 
7f5614400000-7f5614900000 rw-p 00000000 00:00 0 
7f5614900000-7f5614a00000 rw-p 00000000 00:00 0 
7f5614a00000-7f5615500000 rw-p 00000000 00:00 0 
7f5615500000-7f5615700000 rw-p 00000000 00:00 0 
7f5615700000-7f5615a00000 rw-p 00000000 00:00 0 
7f5615a00000-7f5615c00000 rw-p 00000000 00:00 0 
7f5615c00000-7f5615f00000 rw-p 00000000 00:00 0 
7f5615f00000-7f5616000000 rw-p 00000000 00:00 0 
7f5616000000-7f5616900000 rw-p 00000000 00:00 0 
7f5616900000-7f5616a00000 rw-p 00000000 00:00 0 
7f5616a00000-7f5616d80000 rw-p 00000000 00:00 0 
7f5616d80000-7f5616f00000 rw-p 00000000 00:00 0 
7f5616f00000-7f5617000000 rw-p 00000000 00:00 0 
7f5617000000-7f5618000000 rw-p 00000000 00:00 0 
7f5618000000-7f561a107000 rw-p 00000000 00:00 0 
7f561a107000-7f561c000000 ---p 00000000 00:00 0 
7f561c0e9000-7f561c0ea000 ---p 00000000 00:00 0 
7f561c0ea000-7f561c0ee000 ---p 00000000 00:00 0 
7f561c0ee000-7f561c1ea000 rw-p 00000000 00:00 0 
7f561c1ea000-7f561c1eb000 ---p 00000000 00:00 0 
7f561c1eb000-7f561c1ef000 ---p 00000000 00:00 0 
7f561c1ef000-7f561c2eb000 rw-p 00000000 00:00 0 
7f561c2eb000-7f561c2ec000 ---p 00000000 00:00 0 
7f561c2ec000-7f561c2f0000 ---p 00000000 00:00 0 
7f561c2f0000-7f561c3ec000 rw-p 00000000 00:00 0 
7f561c3ec000-7f561c3ed000 ---p 00000000 00:00 0 
7f561c3ed000-7f561c3f1000 ---p 00000000 00:00 0 
7f561c3f1000-7f561c4ed000 rw-p 00000000 00:00 0 
7f561c4ed000-7f561c4ee000 ---p 00000000 00:00 0 
7f561c4ee000-7f561c4f2000 ---p 00000000 00:00 0 
7f561c4f2000-7f561c5ee000 rw-p 00000000 00:00 0 
7f561c5ee000-7f561c5ef000 ---p 00000000 00:00 0 
7f561c5ef000-7f561c5f3000 ---p 00000000 00:00 0 
7f561c5f3000-7f561c6ef000 rw-p 00000000 00:00 0 
7f561c6ef000-7f561c6f0000 ---p 00000000 00:00 0 
7f561c6f0000-7f561c6f4000 ---p 00000000 00:00 0 
7f561c6f4000-7f561c7f0000 rw-p 00000000 00:00 0 
7f561c7f0000-7f561c7f1000 ---p 00000000 00:00 0 
7f561c7f1000-7f561c7f5000 ---p 00000000 00:00 0 
7f561c7f5000-7f561c8f1000 rw-p 00000000 00:00 0 
7f561c8f1000-7f561c8f2000 ---p 00000000 00:00 0 
7f561c8f2000-7f561c8f6000 ---p 00000000 00:00 0 
7f561c8f6000-7f561c9f2000 rw-p 00000000 00:00 0 
7f561c9f2000-7f561c9f3000 ---p 00000000 00:00 0 
7f561c9f3000-7f561c9f7000 ---p 00000000 00:00 0 
7f561c9f7000-7f561caf3000 rw-p 00000000 00:00 0 
7f561caf3000-7f561caf4000 ---p 00000000 00:00 0 
7f561caf4000-7f561caf8000 ---p 00000000 00:00 0 
7f561caf8000-7f561cbf4000 rw-p 00000000 00:00 0 
7f561cbf4000-7f561cbf5000 ---p 00000000 00:00 0 
7f561cbf5000-7f561cbf9000 ---p 00000000 00:00 0 
7f561cbf9000-7f561ccf5000 rw-p 00000000 00:00 0 
7f561ccf5000-7f561ccf6000 ---p 00000000 00:00 0 
7f561ccf6000-7f561ccfa000 ---p 00000000 00:00 0 
7f561ccfa000-7f561cdf6000 rw-p 00000000 00:00 0 
7f561cdf6000-7f561cdf7000 ---p 00000000 00:00 0 
7f561cdf7000-7f561cdfb000 ---p 00000000 00:00 0 
7f561cdfb000-7f561cef7000 rw-p 00000000 00:00 0 
7f561cef7000-7f561cef8000 ---p 00000000 00:00 0 
7f561cef8000-7f561cefc000 ---p 00000000 00:00 0 
7f561cefc000-7f561cff8000 rw-p 00000000 00:00 0 
7f561cff8000-7f561cff9000 ---p 00000000 00:00 0 
7f561cff9000-7f561cffd000 ---p 00000000 00:00 0 
7f561cffd000-7f561d0f9000 rw-p 00000000 00:00 0 
7f561d0f9000-7f561d0fa000 ---p 00000000 00:00 0 
7f561d0fa000-7f561d0fe000 ---p 00000000 00:00 0 
7f561d0fe000-7f561d1fa000 rw-p 00000000 00:00 0 
7f561d1fa000-7f561d1fb000 ---p 00000000 00:00 0 
7f561d1fb000-7f561d1ff000 ---p 00000000 00:00 0 
7f561d1ff000-7f561d2fb000 rw-p 00000000 00:00 0 
7f561d2fb000-7f561d2fc000 ---p 00000000 00:00 0 
7f561d2fc000-7f561d300000 ---p 00000000 00:00 0 
7f561d300000-7f561d3fc000 rw-p 00000000 00:00 0 
7f561d3fc000-7f561d3fd000 ---p 00000000 00:00 0 
7f561d3fd000-7f561d401000 ---p 00000000 00:00 0 
7f561d401000-7f561d4fd000 rw-p 00000000 00:00 0 
7f561d4fd000-7f561d4fe000 ---p 00000000 00:00 0 
7f561d4fe000-7f561d502000 ---p 00000000 00:00 0 
7f561d502000-7f561d5fe000 rw-p 00000000 00:00 0 
7f561d5fe000-7f561d5ff000 ---p 00000000 00:00 0 
7f561d5ff000-7f561d603000 ---p 00000000 00:00 0 
7f561d603000-7f561d6ff000 rw-p 00000000 00:00 0 
7f561d6ff000-7f561d700000 ---p 00000000 00:00 0 
7f561d700000-7f561d704000 ---p 00000000 00:00 0 
7f561d704000-7f561d800000 rw-p 00000000 00:00 0 
7f561d800000-7f561d853000 r-xp 00000000 fe:00 525418                     /root/.gradle/native/e376f236ea51e6404a007f0833ffe2c6e607c4080706a723a18a27aeea778392/linux-amd64/libnative-platform-file-events.so
7f561d853000-7f561da52000 ---p 00053000 fe:00 525418                     /root/.gradle/native/e376f236ea51e6404a007f0833ffe2c6e607c4080706a723a18a27aeea778392/linux-amd64/libnative-platform-file-events.so
7f561da52000-7f561da53000 r--p 00052000 fe:00 525418                     /root/.gradle/native/e376f236ea51e6404a007f0833ffe2c6e607c4080706a723a18a27aeea778392/linux-amd64/libnative-platform-file-events.so
7f561da53000-7f561da55000 rw-p 00053000 fe:00 525418                     /root/.gradle/native/e376f236ea51e6404a007f0833ffe2c6e607c4080706a723a18a27aeea778392/linux-amd64/libnative-platform-file-events.so
7f561daff000-7f561db00000 ---p 00000000 00:00 0 
7f561db00000-7f561db04000 ---p 00000000 00:00 0 
7f561db04000-7f561dc00000 rw-p 00000000 00:00 0 
7f561dc00000-7f561dc05000 r-xp 00000000 fe:00 525395                     /root/.gradle/native/68d5fa5c4cc2d200863cafc0d521ce42e7d3e7ee720ec0a83991735586a16f82/linux-amd64/libnative-platform.so
7f561dc05000-7f561de05000 ---p 00005000 fe:00 525395                     /root/.gradle/native/68d5fa5c4cc2d200863cafc0d521ce42e7d3e7ee720ec0a83991735586a16f82/linux-amd64/libnative-platform.so
7f561de05000-7f561de06000 r--p 00005000 fe:00 525395                     /root/.gradle/native/68d5fa5c4cc2d200863cafc0d521ce42e7d3e7ee720ec0a83991735586a16f82/linux-amd64/libnative-platform.so
7f561de06000-7f561de07000 rw-p 00006000 fe:00 525395                     /root/.gradle/native/68d5fa5c4cc2d200863cafc0d521ce42e7d3e7ee720ec0a83991735586a16f82/linux-amd64/libnative-platform.so
7f561deff000-7f561df00000 ---p 00000000 00:00 0 
7f561df00000-7f5620000000 rw-p 00000000 00:00 0 
7f5620000000-7f5620071000 rw-p 00000000 00:00 0 
7f5620071000-7f5624000000 ---p 00000000 00:00 0 
7f5624000000-7f56242b3000 rw-p 00000000 00:00 0 
7f56242b3000-7f5628000000 ---p 00000000 00:00 0 
7f5628000000-7f562823f000 rw-p 00000000 00:00 0 
7f562823f000-7f562c000000 ---p 00000000 00:00 0 
7f562c072000-7f562c073000 ---p 00000000 00:00 0 
7f562c073000-7f562c077000 ---p 00000000 00:00 0 
7f562c077000-7f562c095000 rw-p 00000000 00:00 0 
7f562c095000-7f562c096000 r--p 00000000 00:25 13813                      /usr/lib/jvm/java-17-openjdk-amd64/lib/libextnet.so
7f562c096000-7f562c097000 r-xp 00001000 00:25 13813                      /usr/lib/jvm/java-17-openjdk-amd64/lib/libextnet.so
7f562c097000-7f562c098000 r--p 00002000 00:25 13813                      /usr/lib/jvm/java-17-openjdk-amd64/lib/libextnet.so
7f562c098000-7f562c099000 r--p 00002000 00:25 13813                      /usr/lib/jvm/java-17-openjdk-amd64/lib/libextnet.so
7f562c099000-7f562c09a000 rw-p 00003000 00:25 13813                      /usr/lib/jvm/java-17-openjdk-amd64/lib/libextnet.so
7f562c09a000-7f562c09c000 r--p 00000000 00:25 13832                      /usr/lib/jvm/java-17-openjdk-amd64/lib/libmanagement_ext.so
7f562c09c000-7f562c09f000 r-xp 00002000 00:25 13832                      /usr/lib/jvm/java-17-openjdk-amd64/lib/libmanagement_ext.so
7f562c09f000-7f562c0a0000 r--p 00005000 00:25 13832                      /usr/lib/jvm/java-17-openjdk-amd64/lib/libmanagement_ext.so
7f562c0a0000-7f562c0a1000 r--p 00006000 00:25 13832                      /usr/lib/jvm/java-17-openjdk-amd64/lib/libmanagement_ext.so
7f562c0a1000-7f562c0a2000 rw-p 00007000 00:25 13832                      /usr/lib/jvm/java-17-openjdk-amd64/lib/libmanagement_ext.so
7f562c0a2000-7f562c0a6000 r--p 00000000 00:25 13842                      /usr/lib/jvm/java-17-openjdk-amd64/lib/libverify.so
7f562c0a6000-7f562c0ad000 r-xp 00004000 00:25 13842                      /usr/lib/jvm/java-17-openjdk-amd64/lib/libverify.so
7f562c0ad000-7f562c0af000 r--p 0000b000 00:25 13842                      /usr/lib/jvm/java-17-openjdk-amd64/lib/libverify.so
7f562c0af000-7f562c0b1000 r--p 0000c000 00:25 13842                      /usr/lib/jvm/java-17-openjdk-amd64/lib/libverify.so
7f562c0b1000-7f562c0b2000 rw-p 0000e000 00:25 13842                      /usr/lib/jvm/java-17-openjdk-amd64/lib/libverify.so
7f562c0b2000-7f562c0b3000 ---p 00000000 00:00 0 
7f562c0b3000-7f562c1e4000 rw-p 00000000 00:00 0 
7f562c1e4000-7f562c1e8000 r--p 00000000 00:25 13834                      /usr/lib/jvm/java-17-openjdk-amd64/lib/libnet.so
7f562c1e8000-7f562c1f6000 r-xp 00004000 00:25 13834                      /usr/lib/jvm/java-17-openjdk-amd64/lib/libnet.so
7f562c1f6000-7f562c1fa000 r--p 00012000 00:25 13834                      /usr/lib/jvm/java-17-openjdk-amd64/lib/libnet.so
7f562c1fa000-7f562c1fb000 r--p 00015000 00:25 13834                      /usr/lib/jvm/java-17-openjdk-amd64/lib/libnet.so
7f562c1fb000-7f562c1fc000 rw-p 00016000 00:25 13834                      /usr/lib/jvm/java-17-openjdk-amd64/lib/libnet.so
7f562c1fc000-7f562c1fd000 ---p 00000000 00:00 0 
7f562c1fd000-7f562c2fd000 rw-p 00000000 00:00 0 
7f562c2fd000-7f562c2fe000 ---p 00000000 00:00 0 
7f562c2fe000-7f562c302000 ---p 00000000 00:00 0 
7f562c302000-7f562c3fe000 rw-p 00000000 00:00 0 
7f562c3fe000-7f562c3ff000 ---p 00000000 00:00 0 
7f562c3ff000-7f562c403000 ---p 00000000 00:00 0 
7f562c403000-7f562c4ff000 rw-p 00000000 00:00 0 
7f562c4ff000-7f562c500000 ---p 00000000 00:00 0 
7f562c500000-7f562c504000 ---p 00000000 00:00 0 
7f562c504000-7f562c600000 rw-p 00000000 00:00 0 
7f562c600000-7f562c601000 ---p 00000000 00:00 0 
7f562c601000-7f562c605000 ---p 00000000 00:00 0 
7f562c605000-7f562c701000 rw-p 00000000 00:00 0 
7f562c701000-7f562c702000 ---p 00000000 00:00 0 
7f562c702000-7f562c706000 ---p 00000000 00:00 0 
7f562c706000-7f562c802000 rw-p 00000000 00:00 0 
7f562c802000-7f562c803000 ---p 00000000 00:00 0 
7f562c803000-7f562c807000 ---p 00000000 00:00 0 
7f562c807000-7f562c903000 rw-p 00000000 00:00 0 
7f562c903000-7f562c904000 ---p 00000000 00:00 0 
7f562c904000-7f562c908000 ---p 00000000 00:00 0 
7f562c908000-7f562ca04000 rw-p 00000000 00:00 0 
7f562ca04000-7f562ca05000 ---p 00000000 00:00 0 
7f562ca05000-7f562ca09000 ---p 00000000 00:00 0 
7f562ca09000-7f562cb05000 rw-p 00000000 00:00 0 
7f562cb05000-7f562cb5c000 r--p 00000000 00:25 13893                      /usr/lib/locale/C.utf8/LC_CTYPE
7f562cb5c000-7f562cb5d000 ---p 00000000 00:00 0 
7f562cb5d000-7f562cb61000 ---p 00000000 00:00 0 
7f562cb61000-7f562cc5d000 rw-p 00000000 00:00 0 
7f562cc5d000-7f562cc5e000 ---p 00000000 00:00 0 
7f562cc5e000-7f562cc62000 ---p 00000000 00:00 0 
7f562cc62000-7f562cd5e000 rw-p 00000000 00:00 0 
7f562cd5e000-7f562cd5f000 ---p 00000000 00:00 0 
7f562cd5f000-7f562ce5f000 rw-p 00000000 00:00 0 
7f562ce5f000-7f562ce64000 r--p 00000000 00:25 13828                      /usr/lib/jvm/java-17-openjdk-amd64/lib/libjsvml.so
7f562ce64000-7f562cea5000 r-xp 00005000 00:25 13828                      /usr/lib/jvm/java-17-openjdk-amd64/lib/libjsvml.so
7f562cea5000-7f562cf2e000 r--p 00046000 00:25 13828                      /usr/lib/jvm/java-17-openjdk-amd64/lib/libjsvml.so
7f562cf2e000-7f562cf2f000 r--p 000ce000 00:25 13828                      /usr/lib/jvm/java-17-openjdk-amd64/lib/libjsvml.so
7f562cf2f000-7f562cf30000 rw-p 000cf000 00:25 13828                      /usr/lib/jvm/java-17-openjdk-amd64/lib/libjsvml.so
7f562cf30000-7f562d00c000 rw-p 00000000 00:00 0 
7f562d00c000-7f562d00d000 ---p 00000000 00:00 0 
7f562d00d000-7f562d10d000 rw-p 00000000 00:00 0 
7f562d10d000-7f562d10e000 ---p 00000000 00:00 0 
7f562d10e000-7f562d410000 rw-p 00000000 00:00 0 
7f562d410000-7f562d411000 ---p 00000000 00:00 0 
7f562d411000-7f562e1f1000 rw-p 00000000 00:00 0 
7f562e1f1000-7f56313e9000 ---p 00000000 00:00 0 
7f56313e9000-7f56321f1000 rw-p 00000000 00:00 0 
7f56321f1000-7f56353e9000 ---p 00000000 00:00 0 
7f56353e9000-7f5635511000 rw-p 00000000 00:00 0 
7f5635511000-7f56372a1000 rwxp 00000000 00:00 0 
7f56372a1000-7f563ca49000 ---p 00000000 00:00 0 
7f563ca49000-7f563cce9000 rwxp 00000000 00:00 0 
7f563cce9000-7f563cfd8000 ---p 00000000 00:00 0 
7f563cfd8000-7f563d688000 rwxp 00000000 00:00 0 
7f563d688000-7f5644511000 ---p 00000000 00:00 0 
7f5644511000-7f564c000000 r--s 00000000 00:25 13844                      /usr/lib/jvm/java-17-openjdk-amd64/lib/modules
7f564c000000-7f564d0d7000 rw-p 00000000 00:00 0 
7f564d0d7000-7f5650000000 ---p 00000000 00:00 0 
7f5650003000-7f5650004000 r--p 00000000 00:25 18162                      /usr/lib/x86_64-linux-gnu/libpthread.so.0
7f5650004000-7f5650005000 r-xp 00001000 00:25 18162                      /usr/lib/x86_64-linux-gnu/libpthread.so.0
7f5650005000-7f5650006000 r--p 00002000 00:25 18162                      /usr/lib/x86_64-linux-gnu/libpthread.so.0
7f5650006000-7f5650007000 r--p 00002000 00:25 18162                      /usr/lib/x86_64-linux-gnu/libpthread.so.0
7f5650007000-7f5650008000 rw-p 00003000 00:25 18162                      /usr/lib/x86_64-linux-gnu/libpthread.so.0
7f5650008000-7f5650049000 rw-p 00000000 00:00 0 
7f565004c000-7f565004e000 r--p 00000000 00:25 13830                      /usr/lib/jvm/java-17-openjdk-amd64/lib/libmanagement.so
7f565004e000-7f565004f000 r-xp 00002000 00:25 13830                      /usr/lib/jvm/java-17-openjdk-amd64/lib/libmanagement.so
7f565004f000-7f5650050000 r--p 00003000 00:25 13830                      /usr/lib/jvm/java-17-openjdk-amd64/lib/libmanagement.so
7f5650050000-7f5650051000 r--p 00003000 00:25 13830                      /usr/lib/jvm/java-17-openjdk-amd64/lib/libmanagement.so
7f5650051000-7f5650052000 rw-p 00004000 00:25 13830                      /usr/lib/jvm/java-17-openjdk-amd64/lib/libmanagement.so
7f5650052000-7f5650054000 r--p 00000000 00:25 13843                      /usr/lib/jvm/java-17-openjdk-amd64/lib/libzip.so
7f5650054000-7f5650058000 r-xp 00002000 00:25 13843                      /usr/lib/jvm/java-17-openjdk-amd64/lib/libzip.so
7f5650058000-7f565005a000 r--p 00006000 00:25 13843                      /usr/lib/jvm/java-17-openjdk-amd64/lib/libzip.so
7f565005a000-7f565005b000 r--p 00007000 00:25 13843                      /usr/lib/jvm/java-17-openjdk-amd64/lib/libzip.so
7f565005b000-7f565005c000 rw-p 00008000 00:25 13843                      /usr/lib/jvm/java-17-openjdk-amd64/lib/libzip.so
7f565005c000-7f5650063000 r--p 00000000 00:25 13835                      /usr/lib/jvm/java-17-openjdk-amd64/lib/libnio.so
7f5650063000-7f565006c000 r-xp 00007000 00:25 13835                      /usr/lib/jvm/java-17-openjdk-amd64/lib/libnio.so
7f565006c000-7f5650070000 r--p 00010000 00:25 13835                      /usr/lib/jvm/java-17-openjdk-amd64/lib/libnio.so
7f5650070000-7f5650071000 r--p 00014000 00:25 13835                      /usr/lib/jvm/java-17-openjdk-amd64/lib/libnio.so
7f5650071000-7f5650072000 rw-p 00015000 00:25 13835                      /usr/lib/jvm/java-17-openjdk-amd64/lib/libnio.so
7f5650072000-7f5650073000 r--p 00000000 00:25 13899                      /usr/lib/locale/C.utf8/LC_NUMERIC
7f5650073000-7f5650074000 r--p 00000000 00:25 13902                      /usr/lib/locale/C.utf8/LC_TIME
7f5650074000-7f5650075000 r--p 00000000 00:25 13892                      /usr/lib/locale/C.utf8/LC_COLLATE
7f5650075000-7f5650076000 r--p 00000000 00:25 13897                      /usr/lib/locale/C.utf8/LC_MONETARY
7f5650076000-7f5650077000 r--p 00000000 00:25 13896                      /usr/lib/locale/C.utf8/LC_MESSAGES/SYS_LC_MESSAGES
7f5650077000-7f5650078000 r--p 00000000 00:25 13900                      /usr/lib/locale/C.utf8/LC_PAPER
7f5650078000-7f5650079000 r--p 00000000 00:25 13898                      /usr/lib/locale/C.utf8/LC_NAME
7f5650079000-7f5650080000 r--s 00000000 00:25 17585                      /usr/lib/x86_64-linux-gnu/gconv/gconv-modules.cache
7f5650080000-7f5650081000 ---p 00000000 00:00 0 
7f5650081000-7f5650181000 rw-p 00000000 00:00 0 
7f5650181000-7f5650182000 ---p 00000000 00:00 0 
7f5650182000-7f5650484000 rw-p 00000000 00:00 0 
7f5650484000-7f5650ac3000 ---p 00000000 00:00 0 
7f5650ac3000-7f5650c84000 rw-p 00000000 00:00 0 
7f5650c84000-7f56512c3000 ---p 00000000 00:00 0 
7f56512c3000-7f5651484000 rw-p 00000000 00:00 0 
7f5651484000-7f5651ac3000 ---p 00000000 00:00 0 
7f5651ac3000-7f5651d19000 rw-p 00000000 00:00 0 
7f5651d19000-7f5651df6000 ---p 00000000 00:00 0 
7f5651df6000-7f5651e32000 rw-p 00000000 00:00 0 
7f5651e32000-7f5651ee1000 ---p 00000000 00:00 0 
7f5651ee1000-7f5651ee7000 rw-p 00000000 00:00 0 
7f5651ee7000-7f5651eed000 ---p 00000000 00:00 0 
7f5651eed000-7f5651ef9000 r--p 00000000 00:25 13820                      /usr/lib/jvm/java-17-openjdk-amd64/lib/libjava.so
7f5651ef9000-7f5651f0a000 r-xp 0000c000 00:25 13820                      /usr/lib/jvm/java-17-openjdk-amd64/lib/libjava.so
7f5651f0a000-7f5651f10000 r--p 0001d000 00:25 13820                      /usr/lib/jvm/java-17-openjdk-amd64/lib/libjava.so
7f5651f10000-7f5651f11000 r--p 00022000 00:25 13820                      /usr/lib/jvm/java-17-openjdk-amd64/lib/libjava.so
7f5651f11000-7f5651f12000 rw-p 00023000 00:25 13820                      /usr/lib/jvm/java-17-openjdk-amd64/lib/libjava.so
7f5651f12000-7f5651f13000 rw-p 00000000 00:00 0 
7f5651f13000-7f5651f1b000 rw-s 00000000 fe:00 530220                     /tmp/hsperfdata_root/19606
7f5651f1b000-7f5651f1d000 r--p 00000000 00:25 13824                      /usr/lib/jvm/java-17-openjdk-amd64/lib/libjimage.so
7f5651f1d000-7f5651f20000 r-xp 00002000 00:25 13824                      /usr/lib/jvm/java-17-openjdk-amd64/lib/libjimage.so
7f5651f20000-7f5651f21000 r--p 00005000 00:25 13824                      /usr/lib/jvm/java-17-openjdk-amd64/lib/libjimage.so
7f5651f21000-7f5651f22000 r--p 00006000 00:25 13824                      /usr/lib/jvm/java-17-openjdk-amd64/lib/libjimage.so
7f5651f22000-7f5651f23000 rw-p 00007000 00:25 13824                      /usr/lib/jvm/java-17-openjdk-amd64/lib/libjimage.so
7f5651f23000-7f5651f27000 ---p 00000000 00:00 0 
7f5651f27000-7f5652023000 rw-p 00000000 00:00 0 
7f5652023000-7f5652026000 r--p 00000000 00:25 17971                      /usr/lib/x86_64-linux-gnu/libgcc_s.so.1
7f5652026000-7f565203d000 r-xp 00003000 00:25 17971                      /usr/lib/x86_64-linux-gnu/libgcc_s.so.1
7f565203d000-7f5652041000 r--p 0001a000 00:25 17971                      /usr/lib/x86_64-linux-gnu/libgcc_s.so.1
7f5652041000-7f5652042000 r--p 0001d000 00:25 17971                      /usr/lib/x86_64-linux-gnu/libgcc_s.so.1
7f5652042000-7f5652043000 rw-p 0001e000 00:25 17971                      /usr/lib/x86_64-linux-gnu/libgcc_s.so.1
7f5652043000-7f5652053000 r--p 00000000 00:25 18072                      /usr/lib/x86_64-linux-gnu/libm.so.6
7f5652053000-7f56520c7000 r-xp 00010000 00:25 18072                      /usr/lib/x86_64-linux-gnu/libm.so.6
7f56520c7000-7f5652121000 r--p 00084000 00:25 18072                      /usr/lib/x86_64-linux-gnu/libm.so.6
7f5652121000-7f5652122000 r--p 000dd000 00:25 18072                      /usr/lib/x86_64-linux-gnu/libm.so.6
7f5652122000-7f5652123000 rw-p 000de000 00:25 18072                      /usr/lib/x86_64-linux-gnu/libm.so.6
7f5652123000-7f56521bc000 r--p 00000000 00:25 18239                      /usr/lib/x86_64-linux-gnu/libstdc++.so.6.0.30
7f56521bc000-7f56522bd000 r-xp 00099000 00:25 18239                      /usr/lib/x86_64-linux-gnu/libstdc++.so.6.0.30
7f56522bd000-7f565232c000 r--p 0019a000 00:25 18239                      /usr/lib/x86_64-linux-gnu/libstdc++.so.6.0.30
7f565232c000-7f5652337000 r--p 00209000 00:25 18239                      /usr/lib/x86_64-linux-gnu/libstdc++.so.6.0.30
7f5652337000-7f565233a000 rw-p 00214000 00:25 18239                      /usr/lib/x86_64-linux-gnu/libstdc++.so.6.0.30
7f565233a000-7f565233d000 rw-p 00000000 00:00 0 
7f565233d000-7f565258e000 r--p 00000000 00:25 13856                      /usr/lib/jvm/java-17-openjdk-amd64/lib/server/libjvm.so
7f565258e000-7f56532e0000 r-xp 00251000 00:25 13856                      /usr/lib/jvm/java-17-openjdk-amd64/lib/server/libjvm.so
7f56532e0000-7f5653562000 r--p 00fa3000 00:25 13856                      /usr/lib/jvm/java-17-openjdk-amd64/lib/server/libjvm.so
7f5653562000-7f565361a000 r--p 01225000 00:25 13856                      /usr/lib/jvm/java-17-openjdk-amd64/lib/server/libjvm.so
7f565361a000-7f565364f000 rw-p 012dd000 00:25 13856                      /usr/lib/jvm/java-17-openjdk-amd64/lib/server/libjvm.so
7f565364f000-7f56536ab000 rw-p 00000000 00:00 0 
7f56536ab000-7f56536d1000 r--p 00000000 00:25 17860                      /usr/lib/x86_64-linux-gnu/libc.so.6
7f56536d1000-7f5653827000 r-xp 00026000 00:25 17860                      /usr/lib/x86_64-linux-gnu/libc.so.6
7f5653827000-7f565387a000 r--p 0017c000 00:25 17860                      /usr/lib/x86_64-linux-gnu/libc.so.6
7f565387a000-7f565387e000 r--p 001cf000 00:25 17860                      /usr/lib/x86_64-linux-gnu/libc.so.6
7f565387e000-7f5653880000 rw-p 001d3000 00:25 17860                      /usr/lib/x86_64-linux-gnu/libc.so.6
7f5653880000-7f565388d000 rw-p 00000000 00:00 0 
7f565388d000-7f565388f000 r--p 00000000 00:25 13825                      /usr/lib/jvm/java-17-openjdk-amd64/lib/libjli.so
7f565388f000-7f5653898000 r-xp 00002000 00:25 13825                      /usr/lib/jvm/java-17-openjdk-amd64/lib/libjli.so
7f5653898000-7f565389b000 r--p 0000b000 00:25 13825                      /usr/lib/jvm/java-17-openjdk-amd64/lib/libjli.so
7f565389b000-7f565389c000 r--p 0000d000 00:25 13825                      /usr/lib/jvm/java-17-openjdk-amd64/lib/libjli.so
7f565389c000-7f565389d000 rw-p 0000e000 00:25 13825                      /usr/lib/jvm/java-17-openjdk-amd64/lib/libjli.so
7f565389d000-7f56538a0000 r--p 00000000 00:25 1006                       /usr/lib/x86_64-linux-gnu/libz.so.1.2.13
7f56538a0000-7f56538b3000 r-xp 00003000 00:25 1006                       /usr/lib/x86_64-linux-gnu/libz.so.1.2.13
7f56538b3000-7f56538ba000 r--p 00016000 00:25 1006                       /usr/lib/x86_64-linux-gnu/libz.so.1.2.13
7f56538ba000-7f56538bb000 r--p 0001c000 00:25 1006                       /usr/lib/x86_64-linux-gnu/libz.so.1.2.13
7f56538bb000-7f56538bc000 rw-p 0001d000 00:25 1006                       /usr/lib/x86_64-linux-gnu/libz.so.1.2.13
7f56538bc000-7f56538bd000 r--p 00000000 00:25 13891                      /usr/lib/locale/C.utf8/LC_ADDRESS
7f56538bd000-7f56538be000 r--p 00000000 00:25 13901                      /usr/lib/locale/C.utf8/LC_TELEPHONE
7f56538be000-7f56538bf000 r--p 00000000 00:25 13895                      /usr/lib/locale/C.utf8/LC_MEASUREMENT
7f56538bf000-7f56538c0000 r--p 00000000 00:25 13894                      /usr/lib/locale/C.utf8/LC_IDENTIFICATION
7f56538c0000-7f56538c1000 ---p 00000000 00:00 0 
7f56538c1000-7f56538c2000 r--p 00000000 00:00 0 
7f56538c2000-7f56538c3000 ---p 00000000 00:00 0 
7f56538c3000-7f56538c5000 rw-p 00000000 00:00 0 
7f56538c5000-7f56538c6000 r--p 00000000 00:25 17646                      /usr/lib/x86_64-linux-gnu/ld-linux-x86-64.so.2
7f56538c6000-7f56538ec000 r-xp 00001000 00:25 17646                      /usr/lib/x86_64-linux-gnu/ld-linux-x86-64.so.2
7f56538ec000-7f56538f6000 r--p 00027000 00:25 17646                      /usr/lib/x86_64-linux-gnu/ld-linux-x86-64.so.2
7f56538f6000-7f56538f8000 r--p 00031000 00:25 17646                      /usr/lib/x86_64-linux-gnu/ld-linux-x86-64.so.2
7f56538f8000-7f56538fa000 rw-p 00033000 00:25 17646                      /usr/lib/x86_64-linux-gnu/ld-linux-x86-64.so.2
7ffee3b3f000-7ffee3b60000 rw-p 00000000 00:00 0                          [stack]
7ffee3b96000-7ffee3b99000 r--p 00000000 00:00 0                          [vvar]
7ffee3b99000-7ffee3b9b000 r-xp 00000000 00:00 0                          [vdso]
ffffffffff600000-ffffffffff601000 r-xp 00000000 00:00 0                  [vsyscall]


VM Arguments:
jvm_args: --add-opens=java.base/java.util=ALL-UNNAMED --add-opens=java.base/java.lang=ALL-UNNAMED --add-opens=java.base/java.lang.invoke=ALL-UNNAMED --add-opens=java.prefs/java.util.prefs=ALL-UNNAMED --add-opens=java.base/java.nio.charset=ALL-UNNAMED --add-opens=java.base/java.net=ALL-UNNAMED --add-opens=java.base/java.util.concurrent.atomic=ALL-UNNAMED -Xmx4096m -Dfile.encoding=UTF-8 -Duser.country -Duser.language=en -Duser.variant 
java_command: org.gradle.launcher.daemon.bootstrap.GradleDaemon 8.0
java_class_path (initial): /root/.gradle/wrapper/dists/gradle-8.0-bin/ca5e32bp14vu59qr306oxotwh/gradle-8.0/lib/gradle-launcher-8.0.jar
Launcher Type: SUN_STANDARD

[Global flags]
     intx CICompilerCount                          = 2                                         {product} {ergonomic}
     uint ConcGCThreads                            = 1                                         {product} {ergonomic}
     uint G1ConcRefinementThreads                  = 2                                         {product} {ergonomic}
   size_t G1HeapRegionSize                         = 2097152                                   {product} {ergonomic}
    uintx GCDrainStackTargetSize                   = 64                                        {product} {ergonomic}
   size_t InitialHeapSize                          = 33554432                                  {product} {ergonomic}
   size_t MarkStackSize                            = 4194304                                   {product} {ergonomic}
   size_t MaxHeapSize                              = 4294967296                                {product} {command line}
   size_t MaxNewSize                               = 2575302656                                {product} {ergonomic}
   size_t MinHeapDeltaBytes                        = 2097152                                   {product} {ergonomic}
   size_t MinHeapSize                              = 8388608                                   {product} {ergonomic}
    uintx NonNMethodCodeHeapSize                   = 5826188                                {pd product} {ergonomic}
    uintx NonProfiledCodeHeapSize                  = 122916026                              {pd product} {ergonomic}
    uintx ProfiledCodeHeapSize                     = 122916026                              {pd product} {ergonomic}
    uintx ReservedCodeCacheSize                    = 251658240                              {pd product} {ergonomic}
     bool SegmentedCodeCache                       = true                                      {product} {ergonomic}
   size_t SoftMaxHeapSize                          = 4294967296                             {manageable} {ergonomic}
     bool UseCompressedClassPointers               = true                           {product lp64_product} {ergonomic}
     bool UseCompressedOops                        = true                           {product lp64_product} {ergonomic}
     bool UseG1GC                                  = true                                      {product} {ergonomic}

Logging:
Log output configuration:
 #0: stdout all=warning uptime,level,tags
 #1: stderr all=off uptime,level,tags

Environment Variables:
PATH=/usr/local/sbin:/usr/local/bin:/usr/sbin:/usr/bin:/sbin:/bin:/workspace/android-sdk/cmdline-tools/latest/bin:/workspace/android-sdk/platform-tools:/workspace/android-sdk/cmdline-tools/latest/bin:/workspace/android-sdk/platform-tools
SHELL=/bin/bash
LANG=C.UTF-8
LC_ALL=C.UTF-8
TERM=tmux-256color

Active Locale:
LC_ALL=C.UTF-8
LC_COLLATE=C.UTF-8
LC_CTYPE=C.UTF-8
LC_MESSAGES=C.UTF-8
LC_MONETARY=C.UTF-8
LC_NUMERIC=C.UTF-8
LC_TIME=C.UTF-8

Signal Handlers:
   SIGSEGV: crash_handler in libjvm.so, mask=11100100010111111101111111111110, flags=SA_RESTART|SA_SIGINFO, unblocked
    SIGBUS: crash_handler in libjvm.so, mask=11100100010111111101111111111110, flags=SA_RESTART|SA_SIGINFO, unblocked
    SIGFPE: crash_handler in libjvm.so, mask=11100100010111111101111111111110, flags=SA_RESTART|SA_SIGINFO, unblocked
   SIGPIPE: javaSignalHandler in libjvm.so, mask=11100100010111111101111111111110, flags=SA_RESTART|SA_SIGINFO, unblocked
   SIGXFSZ: javaSignalHandler in libjvm.so, mask=11100100010111111101111111111110, flags=SA_RESTART|SA_SIGINFO, unblocked
    SIGILL: crash_handler in libjvm.so, mask=11100100010111111101111111111110, flags=SA_RESTART|SA_SIGINFO, unblocked
   SIGUSR2: SR_handler in libjvm.so, mask=00100000000000000000000000000000, flags=SA_RESTART|SA_SIGINFO, unblocked
    SIGHUP: UserHandler in libjvm.so, mask=11100100010111111101111111111110, flags=SA_RESTART|SA_SIGINFO, unblocked
    SIGINT: UserHandler in libjvm.so, mask=11100100010111111101111111111110, flags=SA_RESTART|SA_SIGINFO, unblocked
   SIGTERM: UserHandler in libjvm.so, mask=11100100010111111101111111111110, flags=SA_RESTART|SA_SIGINFO, unblocked
   SIGQUIT: UserHandler in libjvm.so, mask=11100100010111111101111111111110, flags=SA_RESTART|SA_SIGINFO, unblocked
   SIGTRAP: crash_handler in libjvm.so, mask=11100100010111111101111111111110, flags=SA_RESTART|SA_SIGINFO, unblocked


Periodic native trim disabled


---------------  S Y S T E M  ---------------

OS:
PRETTY_NAME="Debian GNU/Linux 12 (bookworm)"
NAME="Debian GNU/Linux"
VERSION_ID="12"
VERSION="12 (bookworm)"
VERSION_CODENAME=bookworm
ID=debian
HOME_URL="https://www.debian.org/"
SUPPORT_URL="https://www.debian.org/support"
BUG_REPORT_URL="https://bugs.debian.org/"
uname: Linux 4.19.91-c8dfc93.al7.x86_64 #1 SMP Tue Sep 26 10:25:51 UTC 2023 x86_64
OS uptime: 0 days 3:52 hours
libc: glibc 2.36 NPTL 2.36 
rlimit (soft/hard): STACK 8192k/infinity , CORE 0k/0k , NPROC 100000/100000 , NOFILE 100000/100000 , AS infinity/infinity , CPU infinity/infinity , DATA infinity/infinity , FSIZE infinity/infinity , MEMLOCK 64k/64k
load average: 2.57 1.47 1.16

/proc/meminfo:
MemTotal:        2152516 kB
MemFree:          194776 kB
MemAvailable:     657024 kB
Buffers:           22936 kB
Cached:           475424 kB
SwapCached:            0 kB
Active:          1737856 kB
Inactive:         106884 kB
Active(anon):    1346444 kB
Inactive(anon):       16 kB
Active(file):     391412 kB
Inactive(file):   106868 kB
Unevictable:           0 kB
Mlocked:               0 kB
SwapTotal:             0 kB
SwapFree:              0 kB
Dirty:             13896 kB
Writeback:             0 kB
AnonPages:       1344696 kB
Mapped:            33092 kB
Shmem:                36 kB
Slab:              64240 kB
SReclaimable:      50180 kB
SUnreclaim:        14060 kB
KernelStack:        3072 kB
PageTables:         4244 kB
NFS_Unstable:          0 kB
Bounce:                0 kB
WritebackTmp:          0 kB
CommitLimit:     1076256 kB
Committed_AS:    1951008 kB
VmallocTotal:   34359738367 kB
VmallocUsed:           0 kB
VmallocChunk:          0 kB
Percpu:              384 kB
AnonHugePages:    188416 kB
ShmemHugePages:        0 kB
ShmemPmdMapped:        0 kB
HugePages_Total:       0
HugePages_Free:        0
HugePages_Rsvd:        0
HugePages_Surp:        0
Hugepagesize:       2048 kB
Hugetlb:               0 kB
DirectMap4k:        8192 kB
DirectMap2M:     2523136 kB
DirectMap1G:           0 kB

/sys/kernel/mm/transparent_hugepage/enabled: [always] madvise never
/sys/kernel/mm/transparent_hugepage/hpage_pmd_size: 2097152
/sys/kernel/mm/transparent_hugepage/defrag (defrag/compaction efforts parameter): always defer defer+madvise madvise [never]

Process Memory:
Virtual Size: 6313648K (peak: 7186692K)
Resident Set Size: 961936K (peak: 961936K) (anon: 938344K, file: 23592K, shmem: 0K)
Swapped out: 0K
C-Heap outstanding allocations: 83910K, retained: 77397K
glibc malloc tunables: (default)

/proc/sys/kernel/threads-max (system-wide limit on the number of threads): 1129
/proc/sys/vm/max_map_count (maximum number of memory map areas a process may have): 65530
/proc/sys/vm/swappiness (control to define how aggressively the kernel swaps out anonymous memory): 60
/proc/sys/kernel/pid_max (system-wide limit on number of process identifiers): 32768

container (cgroup) information:
container_type: cgroupv1
cpu_cpuset_cpus: 0-1
cpu_memory_nodes: 0
active_processor_count: 2
cpu_quota: no quota
cpu_period: 100000
cpu_shares: 12288
memory_limit_in_bytes: 2097152 k
memory_and_swap_limit_in_bytes: unlimited
memory_soft_limit_in_bytes: unlimited
memory_usage_in_bytes: 1891020 k
memory_max_usage_in_bytes: 1891020 k
rss_usage_in_bytes: 1335680 k
cache_usage_in_bytes: 497936 k
kernel_memory_limit_in_bytes: unlimited
kernel_memory_usage_in_bytes: 57040 k
kernel_memory_max_usage_in_bytes: 119688 k
maximum number of tasks: unlimited
current number of tasks: 115

KVM virtualization detected
Steal ticks since vm start: 4886
Steal ticks percentage since vm start:  0.476

CPU: total 2 (initial active 2) (2 cores per cpu, 1 threads per core) family 6 model 85 stepping 7 microcode 0x1, cx8, cmov, fxsr, mmx, 3dnowpref, sse, sse2, sse3, ssse3, sse4.1, sse4.2, popcnt, lzcnt, tsc, tscinvbit, avx, avx2, aes, erms, clmul, bmi1, bmi2, adx, avx512f, avx512dq, avx512cd, avx512bw, avx512vl, fma, vzeroupper, avx512_vnni, clflush, clflushopt, clwb, hv
CPU Model and flags from /proc/cpuinfo:
model name	: Intel(R) Xeon(R) Processor @ 2.50GHz
flags		: fpu vme de pse tsc msr pae mce cx8 apic sep mtrr pge mca cmov pat pse36 clflush mmx fxsr sse sse2 ss ht syscall nx pdpe1gb rdtscp lm constant_tsc rep_good nopl xtopology nonstop_tsc cpuid tsc_known_freq pni pclmulqdq ssse3 fma cx16 pcid sse4_1 sse4_2 x2apic movbe popcnt tsc_deadline_timer aes xsave avx f16c rdrand hypervisor lahf_lm abm 3dnowprefetch cpuid_fault invpcid_single ssbd ibrs ibpb stibp ibrs_enhanced fsgsbase tsc_adjust bmi1 avx2 smep bmi2 erms invpcid mpx avx512f avx512dq rdseed adx smap clflushopt clwb avx512cd avx512bw avx512vl xsaveopt xsavec xgetbv1 xsaves umip avx512_vnni md_clear arch_capabilities

Online cpus: 0-1
Offline cpus: 
BIOS frequency limitation: <Not Available>
Frequency switch latency (ns): <Not Available>
Available cpu frequencies: <Not Available>
Current governor: <Not Available>
Core performance/turbo boost: <Not Available>

Memory: 4k page, physical 2097152k(206132k free), swap 0k(0k free)
Page Sizes: 4k

vm_info: OpenJDK 64-Bit Server VM (17.0.20+8-1-deb12u1-Debian) for linux-amd64 JRE (17.0.20+8-1-deb12u1-Debian), built on Jul 28 2026 07:08:51 by "buildd" with gcc 12.2.0

END.
